date,year,month,day,region,city,market_sold_at,latitude,longitude,unit(KG),cedi_price,cedi_price/kg
2019-08-15,2019,8,15,ASHANTI,Ejura,EJURA SEKYE DUMASE,7.38,-1.37,1.0,2.79,2.79
2019-08-15,2019,8,15,ASHANTI,Kumasi,KMA,6.68,-1.62,16.0,5.22,0.33
2019-08-15,2019,8,15,ASHANTI,Kumasi,KMA,6.68,-1.62,1.0,1.43,1.43
2019-08-15,2019,8,15,ASHANTI,Obuasi,OBUASI MUNICIPAL,6.2,-1.67,1.0,2.11,2.11
2019-08-15,2019,8,15,BRONG AHAFO,Sunyani,SUNYANI MUNICIPAL,7.33,-2.33,1.0,3.79,3.79
2019-08-15,2019,8,15,BRONG AHAFO,Techiman,TECHIMAN MUNICIPAL,7.58,-1.93,16.0,19.87,1.24
2019-08-15,2019,8,15,BRONG AHAFO,Techiman,TECHIMAN MUNICIPAL,7.58,-1.93,1.0,2.88,2.88
2019-08-15,2019,8,15,CENTRAL,Cape Coast,CAPE COAST METRO,5.11,-1.24,16.0,28.31,1.77
2019-08-15,2019,8,15,CENTRAL,Cape Coast,CAPE COAST METRO,5.11,-1.24,1.0,3.97,3.97
2019-08-15,2019,8,15,CENTRAL,Mankessim,MFANTSIMAN,5.27,-1.02,1.0,2.05,2.05
2019-08-15,2019,8,15,EASTERN,Koforidua,NEW JUABEN MUNICIPAL,6.08,-0.25,16.0,5.0,0.31
2019-08-15,2019,8,15,GREATER ACCRA,Accra,ACCRA METROPOLIS,5.55,-0.22,16.0,35.6,2.22
2019-08-15,2019,8,15,GREATER ACCRA,Accra,ACCRA METROPOLIS,5.55,-0.22,1.0,5.94,5.94
2019-08-15,2019,8,15,GREATER ACCRA,Tema,TEMA METROPOLIS,5.62,-0.02,16.0,36.59,2.29
2019-08-15,2019,8,15,GREATER ACCRA,Tema,TEMA METROPOLIS,5.62,-0.02,1.0,5.56,5.56
2019-08-15,2019,8,15,NORTHERN,Tamale,TAMALE NORTH SUB METRO,9.4,-0.83,16.0,33.33,2.08
2019-08-15,2019,8,15,NORTHERN,Tamale,TAMALE NORTH SUB METRO,9.4,-0.83,1.0,3.97,3.97
2019-08-15,2019,8,15,UPPER EAST,Bolga,BOLGATANGA MUNICIPAL,10.79,-0.85,1.0,8.29,8.29
2019-08-15,2019,8,15,UPPER EAST,Garu,GARU TEMPANE,10.85,-0.18,1.0,5.6,5.6
2019-08-15,2019,8,15,VOLTA,Ho,HO MUNICIPAL,6.6,0.47,1.0,2.0,2.0
2019-08-15,2019,8,15,WESTERN,Sekondi/Takoradi,SEKONDI TAKORADI,4.93,-1.7,16.0,35.0,2.19
2019-08-15,2019,8,15,WESTERN,Sekondi/Takoradi,SEKONDI TAKORADI,4.93,-1.7,1.0,6.06,6.06
2019-09-15,2019,9,15,ASHANTI,Ejura,EJURA SEKYE DUMASE,7.38,-1.37,1.0,2.75,2.75
2019-09-15,2019,9,15,ASHANTI,Kumasi,KMA,6.68,-1.62,16.0,5.22,0.33
2019-09-15,2019,9,15,ASHANTI,Kumasi,KMA,6.68,-1.62,1.0,1.43,1.43
2019-09-15,2019,9,15,ASHANTI,Obuasi,OBUASI MUNICIPAL,6.2,-1.67,1.0,1.58,1.58
2019-09-15,2019,9,15,BRONG AHAFO,Sunyani,SUNYANI MUNICIPAL,7.33,-2.33,1.0,2.14,2.14
2019-09-15,2019,9,15,BRONG AHAFO,Techiman,TECHIMAN MUNICIPAL,7.58,-1.93,16.0,19.74,1.23
2019-09-15,2019,9,15,BRONG AHAFO,Techiman,TECHIMAN MUNICIPAL,7.58,-1.93,1.0,3.22,3.22
2019-09-15,2019,9,15,CENTRAL,Cape Coast,CAPE COAST METRO,5.11,-1.24,16.0,28.31,1.77
2019-09-15,2019,9,15,CENTRAL,Cape Coast,CAPE COAST METRO,5.11,-1.24,1.0,3.14,3.14
2019-09-15,2019,9,15,CENTRAL,Mankessim,MFANTSIMAN,5.27,-1.02,1.0,2.27,2.27
2019-09-15,2019,9,15,EASTERN,Koforidua,NEW JUABEN MUNICIPAL,6.08,-0.25,16.0,5.0,0.31
2019-09-15,2019,9,15,GREATER ACCRA,Accra,ACCRA METROPOLIS,5.55,-0.22,16.0,35.66,2.23
2019-09-15,2019,9,15,GREATER ACCRA,Accra,ACCRA METROPOLIS,5.55,-0.22,1.0,5.65,5.65
2019-09-15,2019,9,15,GREATER ACCRA,Tema,TEMA METROPOLIS,5.62,-0.02,16.0,36.2,2.26
2019-09-15,2019,9,15,GREATER ACCRA,Tema,TEMA METROPOLIS,5.62,-0.02,1.0,5.56,5.56
2019-09-15,2019,9,15,NORTHERN,Tamale,TAMALE NORTH SUB METRO,9.4,-0.83,16.0,33.33,2.08
2019-09-15,2019,9,15,NORTHERN,Tamale,TAMALE NORTH SUB METRO,9.4,-0.83,1.0,3.97,3.97
2019-09-15,2019,9,15,UPPER EAST,Bolga,BOLGATANGA MUNICIPAL,10.79,-0.85,1.0,8.29,8.29
2019-09-15,2019,9,15,UPPER EAST,Garu,GARU TEMPANE,10.85,-0.18,1.0,5.6,5.6
2019-09-15,2019,9,15,VOLTA,Ho,HO MUNICIPAL,6.6,0.47,1.0,2.0,2.0
2019-09-15,2019,9,15,VOLTA,Hohoe,HOHOE MUNICIPAL,7.15,0.47,16.0,22.12,1.38
2019-09-15,2019,9,15,VOLTA,Hohoe,HOHOE MUNICIPAL,7.15,0.47,1.0,1.14,1.14
2019-09-15,2019,9,15,WESTERN,Sekondi/Takoradi,SEKONDI TAKORADI,4.93,-1.7,16.0,24.96,1.56
2019-09-15,2019,9,15,WESTERN,Sekondi/Takoradi,SEKONDI TAKORADI,4.93,-1.7,1.0,9.24,9.24
2019-10-15,2019,10,15,ASHANTI,Ejura,EJURA SEKYE DUMASE,7.38,-1.37,1.0,2.74,2.74
2019-10-15,2019,10,15,ASHANTI,Kumasi,KMA,6.68,-1.62,16.0,5.22,0.33
2019-10-15,2019,10,15,ASHANTI,Kumasi,KMA,6.68,-1.62,1.0,1.43,1.43
2019-10-15,2019,10,15,ASHANTI,Obuasi,OBUASI MUNICIPAL,6.2,-1.67,1.0,1.51,1.51
2019-10-15,2019,10,15,BRONG AHAFO,Sunyani,SUNYANI MUNICIPAL,7.33,-2.33,1.0,1.9,1.9
2019-10-15,2019,10,15,BRONG AHAFO,Techiman,TECHIMAN MUNICIPAL,7.58,-1.93,16.0,19.66,1.23
2019-10-15,2019,10,15,BRONG AHAFO,Techiman,TECHIMAN MUNICIPAL,7.58,-1.93,1.0,2.61,2.61
2019-10-15,2019,10,15,CENTRAL,Cape Coast,CAPE COAST METRO,5.11,-1.24,16.0,28.31,1.77
2019-10-15,2019,10,15,CENTRAL,Cape Coast,CAPE COAST METRO,5.11,-1.24,1.0,3.02,3.02
2019-10-15,2019,10,15,CENTRAL,Mankessim,MFANTSIMAN,5.27,-1.02,1.0,2.75,2.75
2019-10-15,2019,10,15,EASTERN,Koforidua,NEW JUABEN MUNICIPAL,6.08,-0.25,16.0,5.0,0.31
2019-10-15,2019,10,15,GREATER ACCRA,Accra,ACCRA METROPOLIS,5.55,-0.22,16.0,35.67,2.23
2019-10-15,2019,10,15,GREATER ACCRA,Accra,ACCRA METROPOLIS,5.55,-0.22,1.0,5.61,5.61
2019-10-15,2019,10,15,GREATER ACCRA,Tema,TEMA METROPOLIS,5.62,-0.02,16.0,36.15,2.26
2019-10-15,2019,10,15,GREATER ACCRA,Tema,TEMA METROPOLIS,5.62,-0.02,1.0,5.56,5.56
2019-10-15,2019,10,15,NORTHERN,Tamale,TAMALE NORTH SUB METRO,9.4,-0.83,16.0,33.33,2.08
2019-10-15,2019,10,15,NORTHERN,Tamale,TAMALE NORTH SUB METRO,9.4,-0.83,1.0,3.97,3.97
2019-10-15,2019,10,15,UPPER EAST,Bolga,BOLGATANGA MUNICIPAL,10.79,-0.85,1.0,8.29,8.29
2019-10-15,2019,10,15,WESTERN,Sekondi/Takoradi,SEKONDI TAKORADI,4.93,-1.7,16.0,35.0,2.19
2019-10-15,2019,10,15,WESTERN,Sekondi/Takoradi,SEKONDI TAKORADI,4.93,-1.7,1.0,8.96,8.96
2019-11-15,2019,11,15,ASHANTI,Ejura,EJURA SEKYE DUMASE,7.38,-1.37,1.0,2.81,2.81
2019-11-15,2019,11,15,ASHANTI,Kumasi,KMA,6.68,-1.62,16.0,5.22,0.33
2019-11-15,2019,11,15,ASHANTI,Kumasi,KMA,6.68,-1.62,1.0,1.43,1.43
2019-11-15,2019,11,15,ASHANTI,Obuasi,OBUASI MUNICIPAL,6.2,-1.67,1.0,1.51,1.51
2019-11-15,2019,11,15,BRONG AHAFO,Sunyani,SUNYANI MUNICIPAL,7.33,-2.33,1.0,1.39,1.39
2019-11-15,2019,11,15,BRONG AHAFO,Techiman,TECHIMAN MUNICIPAL,7.58,-1.93,16.0,17.22,1.08
2019-11-15,2019,11,15,BRONG AHAFO,Techiman,TECHIMAN MUNICIPAL,7.58,-1.93,1.0,2.29,2.29
2019-11-15,2019,11,15,CENTRAL,Cape Coast,CAPE COAST METRO,5.11,-1.24,16.0,24.6,1.54
2019-11-15,2019,11,15,CENTRAL,Cape Coast,CAPE COAST METRO,5.11,-1.24,1.0,2.83,2.83
2019-11-15,2019,11,15,CENTRAL,Mankessim,MFANTSIMAN,5.27,-1.02,1.0,2.78,2.78
2019-11-15,2019,11,15,EASTERN,Koforidua,NEW JUABEN MUNICIPAL,6.08,-0.25,16.0,5.0,0.31
2019-11-15,2019,11,15,GREATER ACCRA,Accra,ACCRA METROPOLIS,5.55,-0.22,16.0,30.67,1.92
2019-11-15,2019,11,15,GREATER ACCRA,Accra,ACCRA METROPOLIS,5.55,-0.22,1.0,5.61,5.61
2019-11-15,2019,11,15,GREATER ACCRA,Tema,TEMA METROPOLIS,5.62,-0.02,16.0,28.42,1.78
2019-11-15,2019,11,15,GREATER ACCRA,Tema,TEMA METROPOLIS,5.62,-0.02,1.0,5.0,5.0
2019-11-15,2019,11,15,NORTHERN,Tamale,TAMALE NORTH SUB METRO,9.4,-0.83,16.0,33.33,2.08
2019-11-15,2019,11,15,NORTHERN,Tamale,TAMALE NORTH SUB METRO,9.4,-0.83,1.0,3.97,3.97
2019-11-15,2019,11,15,UPPER EAST,Bolga,BOLGATANGA MUNICIPAL,10.79,-0.85,1.0,8.29,8.29
2019-11-15,2019,11,15,VOLTA,Ho,HO MUNICIPAL,6.6,0.47,1.0,2.0,2.0
2019-11-15,2019,11,15,VOLTA,Hohoe,HOHOE MUNICIPAL,7.15,0.47,16.0,40.0,2.5
2019-11-15,2019,11,15,VOLTA,Hohoe,HOHOE MUNICIPAL,7.15,0.47,1.0,1.36,1.36
2019-11-15,2019,11,15,WESTERN,Sekondi/Takoradi,SEKONDI TAKORADI,4.93,-1.7,16.0,20.0,1.25
2019-11-15,2019,11,15,WESTERN,Sekondi/Takoradi,SEKONDI TAKORADI,4.93,-1.7,1.0,8.59,8.59
2019-12-15,2019,12,15,ASHANTI,Ejura,EJURA SEKYE DUMASE,7.38,-1.37,1.0,2.72,2.72
2019-12-15,2019,12,15,ASHANTI,Kumasi,KMA,6.68,-1.62,16.0,5.22,0.33
2019-12-15,2019,12,15,ASHANTI,Kumasi,KMA,6.68,-1.62,1.0,1.43,1.43
2019-12-15,2019,12,15,ASHANTI,Obuasi,OBUASI MUNICIPAL,6.2,-1.67,1.0,1.51,1.51
2019-12-15,2019,12,15,BRONG AHAFO,Kintampo,KINTAMPO NORTH,8.06,-1.73,16.0,21.0,1.31
2019-12-15,2019,12,15,BRONG AHAFO,Sunyani,SUNYANI MUNICIPAL,7.33,-2.33,1.0,1.5,1.5
2019-12-15,2019,12,15,BRONG AHAFO,Techiman,TECHIMAN MUNICIPAL,7.58,-1.93,16.0,15.64,0.98
2019-12-15,2019,12,15,BRONG AHAFO,Techiman,TECHIMAN MUNICIPAL,7.58,-1.93,1.0,2.33,2.33
2019-12-15,2019,12,15,CENTRAL,Cape Coast,CAPE COAST METRO,5.11,-1.24,16.0,24.6,1.54
2019-12-15,2019,12,15,CENTRAL,Cape Coast,CAPE COAST METRO,5.11,-1.24,1.0,2.83,2.83
2019-12-15,2019,12,15,CENTRAL,Mankessim,MFANTSIMAN,5.27,-1.02,1.0,2.56,2.56
2019-12-15,2019,12,15,EASTERN,Koforidua,NEW JUABEN MUNICIPAL,6.08,-0.25,16.0,5.0,0.31
2019-12-15,2019,12,15,GREATER ACCRA,Accra,ACCRA METROPOLIS,5.55,-0.22,16.0,30.67,1.92
2019-12-15,2019,12,15,GREATER ACCRA,Accra,ACCRA METROPOLIS,5.55,-0.22,1.0,5.61,5.61
2019-12-15,2019,12,15,GREATER ACCRA,Tema,TEMA METROPOLIS,5.62,-0.02,16.0,28.42,1.78
2019-12-15,2019,12,15,GREATER ACCRA,Tema,TEMA METROPOLIS,5.62,-0.02,1.0,4.41,4.41
2019-12-15,2019,12,15,NORTHERN,Tamale,TAMALE NORTH SUB METRO,9.4,-0.83,16.0,33.33,2.08
2019-12-15,2019,12,15,NORTHERN,Tamale,TAMALE NORTH SUB METRO,9.4,-0.83,1.0,3.97,3.97
2019-12-15,2019,12,15,UPPER EAST,Bolga,BOLGATANGA MUNICIPAL,10.79,-0.85,1.0,8.29,8.29
2019-12-15,2019,12,15,VOLTA,Ho,HO MUNICIPAL,6.6,0.47,1.0,2.0,2.0
2019-12-15,2019,12,15,VOLTA,Hohoe,HOHOE MUNICIPAL,7.15,0.47,16.0,40.0,2.5
2019-12-15,2019,12,15,VOLTA,Hohoe,HOHOE MUNICIPAL,7.15,0.47,1.0,1.36,1.36
2019-12-15,2019,12,15,WESTERN,Sekondi/Takoradi,SEKONDI TAKORADI,4.93,-1.7,16.0,22.62,1.41
2019-12-15,2019,12,15,WESTERN,Sekondi/Takoradi,SEKONDI TAKORADI,4.93,-1.7,1.0,8.35,8.35
2020-01-15,2020,1,15,ASHANTI,Kumasi,KMA,6.68,-1.62,16.0,5.22,0.33
2020-01-15,2020,1,15,ASHANTI,Kumasi,KMA,6.68,-1.62,1.0,1.51,1.51
2020-01-15,2020,1,15,ASHANTI,Obuasi,OBUASI MUNICIPAL,6.2,-1.67,1.0,1.51,1.51
2020-01-15,2020,1,15,BRONG AHAFO,Kintampo,KINTAMPO NORTH,8.06,-1.73,16.0,24.15,1.51
2020-01-15,2020,1,15,BRONG AHAFO,Sunyani,SUNYANI MUNICIPAL,7.33,-2.33,1.0,1.76,1.76
2020-01-15,2020,1,15,BRONG AHAFO,Techiman,TECHIMAN MUNICIPAL,7.58,-1.93,16.0,16.45,1.03
2020-01-15,2020,1,15,BRONG AHAFO,Techiman,TECHIMAN MUNICIPAL,7.58,-1.93,1.0,2.28,2.28
2020-01-15,2020,1,15,CENTRAL,Cape Coast,CAPE COAST METRO,5.11,-1.24,16.0,24.6,1.54
2020-01-15,2020,1,15,CENTRAL,Cape Coast,CAPE COAST METRO,5.11,-1.24,1.0,2.83,2.83
2020-01-15,2020,1,15,CENTRAL,Mankessim,MFANTSIMAN,5.27,-1.02,1.0,2.83,2.83
2020-01-15,2020,1,15,EASTERN,Koforidua,NEW JUABEN MUNICIPAL,6.08,-0.25,16.0,5.0,0.31
2020-01-15,2020,1,15,GREATER ACCRA,Accra,ACCRA METROPOLIS,5.55,-0.22,16.0,30.67,1.92
2020-01-15,2020,1,15,GREATER ACCRA,Accra,ACCRA METROPOLIS,5.55,-0.22,1.0,5.61,5.61
2020-01-15,2020,1,15,GREATER ACCRA,Tema,TEMA METROPOLIS,5.62,-0.02,16.0,33.16,2.07
2020-01-15,2020,1,15,GREATER ACCRA,Tema,TEMA METROPOLIS,5.62,-0.02,1.0,4.33,4.33
2020-01-15,2020,1,15,NORTHERN,Tamale,TAMALE NORTH SUB METRO,9.4,-0.83,16.0,33.33,2.08
2020-01-15,2020,1,15,NORTHERN,Tamale,TAMALE NORTH SUB METRO,9.4,-0.83,1.0,3.97,3.97
2020-01-15,2020,1,15,UPPER EAST,Bolga,BOLGATANGA MUNICIPAL,10.79,-0.85,1.0,8.29,8.29
2020-01-15,2020,1,15,VOLTA,Ho,HO MUNICIPAL,6.6,0.47,1.0,2.68,2.68
2020-01-15,2020,1,15,WESTERN,Sekondi/Takoradi,SEKONDI TAKORADI,4.93,-1.7,16.0,26.6,1.66
2020-01-15,2020,1,15,WESTERN,Sekondi/Takoradi,SEKONDI TAKORADI,4.93,-1.7,1.0,2.59,2.59
2020-02-15,2020,2,15,ASHANTI,Ejura,EJURA SEKYE DUMASE,7.38,-1.37,1.0,10.15,10.15
2020-02-15,2020,2,15,ASHANTI,Kumasi,KMA,6.68,-1.62,16.0,189.52,11.84
2020-02-15,2020,2,15,ASHANTI,Kumasi,KMA,6.68,-1.62,1.0,10.61,10.61
2020-02-15,2020,2,15,ASHANTI,Obuasi,OBUASI MUNICIPAL,6.2,-1.67,1.0,17.39,17.39
2020-02-15,2020,2,15,BRONG AHAFO,Kintampo,KINTAMPO NORTH,8.06,-1.73,16.0,100.0,6.25
2020-02-15,2020,2,15,BRONG AHAFO,Kintampo,KINTAMPO NORTH,8.06,-1.73,1.0,6.67,6.67
2020-02-15,2020,2,15,BRONG AHAFO,Sunyani,SUNYANI MUNICIPAL,7.33,-2.33,16.0,80.0,5.0
2020-02-15,2020,2,15,BRONG AHAFO,Sunyani,SUNYANI MUNICIPAL,7.33,-2.33,1.0,10.0,10.0
2020-02-15,2020,2,15,CENTRAL,Cape Coast,CAPE COAST METRO,5.11,-1.24,16.0,500.0,31.25
2020-02-15,2020,2,15,CENTRAL,Cape Coast,CAPE COAST METRO,5.11,-1.24,1.0,26.67,26.67
2020-02-15,2020,2,15,CENTRAL,Mankessim,MFANTSIMAN,5.27,-1.02,1.0,14.77,14.77
2020-02-15,2020,2,15,EASTERN,Koforidua,NEW JUABEN MUNICIPAL,6.08,-0.25,1.0,9.3,9.3
2020-02-15,2020,2,15,GREATER ACCRA,Accra,ACCRA METROPOLIS,5.55,-0.22,16.0,203.42,12.71
2020-02-15,2020,2,15,GREATER ACCRA,Accra,ACCRA METROPOLIS,5.55,-0.22,1.0,17.5,17.5
2020-02-15,2020,2,15,UPPER EAST,Bolga,BOLGATANGA MUNICIPAL,10.79,-0.85,1.0,7.5,7.5
2020-02-15,2020,2,15,UPPER WEST,Wa,WA MUNICIPAL,10.05,-2.48,1.0,18.33,18.33
2020-02-15,2020,2,15,VOLTA,Ho,HO MUNICIPAL,6.6,0.47,1.0,5.33,5.33
2020-02-15,2020,2,15,WESTERN,Sekondi/Takoradi,SEKONDI TAKORADI,4.93,-1.7,16.0,237.04,14.82
2020-02-15,2020,2,15,WESTERN,Sekondi/Takoradi,SEKONDI TAKORADI,4.93,-1.7,1.0,13.49,13.49
2020-03-15,2020,3,15,ASHANTI,Ejura,EJURA SEKYE DUMASE,7.38,-1.37,1.0,2.71,2.71
2020-03-15,2020,3,15,ASHANTI,Kumasi,KMA,6.68,-1.62,16.0,10.56,0.66
2020-03-15,2020,3,15,ASHANTI,Kumasi,KMA,6.68,-1.62,1.0,1.67,1.67
2020-03-15,2020,3,15,ASHANTI,Obuasi,OBUASI MUNICIPAL,6.2,-1.67,1.0,1.14,1.14
2020-03-15,2020,3,15,BRONG AHAFO,Kintampo,KINTAMPO NORTH,8.06,-1.73,16.0,28.5,1.78
2020-03-15,2020,3,15,BRONG AHAFO,Sunyani,SUNYANI MUNICIPAL,7.33,-2.33,1.0,2.09,2.09
2020-03-15,2020,3,15,BRONG AHAFO,Techiman,TECHIMAN MUNICIPAL,7.58,-1.93,1.0,2.14,2.14
2020-03-15,2020,3,15,CENTRAL,Cape Coast,CAPE COAST METRO,5.11,-1.24,16.0,24.6,1.54
2020-03-15,2020,3,15,CENTRAL,Cape Coast,CAPE COAST METRO,5.11,-1.24,1.0,3.89,3.89
2020-03-15,2020,3,15,EASTERN,Koforidua,NEW JUABEN MUNICIPAL,6.08,-0.25,16.0,5.0,0.31
2020-03-15,2020,3,15,GREATER ACCRA,Accra,ACCRA METROPOLIS,5.55,-0.22,16.0,30.67,1.92
2020-03-15,2020,3,15,GREATER ACCRA,Accra,ACCRA METROPOLIS,5.55,-0.22,1.0,5.61,5.61
2020-03-15,2020,3,15,GREATER ACCRA,Tema,TEMA METROPOLIS,5.62,-0.02,16.0,55.22,3.45
2020-03-15,2020,3,15,GREATER ACCRA,Tema,TEMA METROPOLIS,5.62,-0.02,1.0,7.0,7.0
2020-03-15,2020,3,15,NORTHERN,Tamale,TAMALE NORTH SUB METRO,9.4,-0.83,16.0,33.33,2.08
2020-03-15,2020,3,15,NORTHERN,Tamale,TAMALE NORTH SUB METRO,9.4,-0.83,1.0,3.97,3.97
2020-03-15,2020,3,15,UPPER WEST,Wa,WA MUNICIPAL,10.05,-2.48,1.0,3.83,3.83
2020-03-15,2020,3,15,WESTERN,Sekondi/Takoradi,SEKONDI TAKORADI,4.93,-1.7,1.0,2.67,2.67
2020-04-15,2020,4,15,ASHANTI,Ejura,EJURA SEKYE DUMASE,7.38,-1.37,1.0,7.55,7.55
2020-04-15,2020,4,15,ASHANTI,Kumasi,KMA,6.68,-1.62,16.0,326.67,20.42
2020-04-15,2020,4,15,ASHANTI,Kumasi,KMA,6.68,-1.62,1.0,26.06,26.06
2020-04-15,2020,4,15,ASHANTI,Obuasi,OBUASI MUNICIPAL,6.2,-1.67,1.0,31.15,31.15
2020-04-15,2020,4,15,BRONG AHAFO,Kintampo,KINTAMPO NORTH,8.06,-1.73,16.0,290.91,18.18
2020-04-15,2020,4,15,BRONG AHAFO,Kintampo,KINTAMPO NORTH,8.06,-1.73,1.0,17.24,17.24
2020-04-15,2020,4,15,BRONG AHAFO,Sunyani,SUNYANI MUNICIPAL,7.33,-2.33,16.0,406.74,25.42
2020-04-15,2020,4,15,BRONG AHAFO,Sunyani,SUNYANI MUNICIPAL,7.33,-2.33,1.0,17.67,17.67
2020-04-15,2020,4,15,BRONG AHAFO,Techiman,TECHIMAN MUNICIPAL,7.58,-1.93,16.0,494.29,30.89
2020-04-15,2020,4,15,BRONG AHAFO,Techiman,TECHIMAN MUNICIPAL,7.58,-1.93,1.0,30.67,30.67
2020-04-15,2020,4,15,CENTRAL,Cape Coast,CAPE COAST METRO,5.11,-1.24,16.0,400.0,25.0
2020-04-15,2020,4,15,CENTRAL,Cape Coast,CAPE COAST METRO,5.11,-1.24,1.0,56.67,56.67
2020-04-15,2020,4,15,EASTERN,Koforidua,NEW JUABEN MUNICIPAL,6.08,-0.25,16.0,333.33,20.83
2020-04-15,2020,4,15,EASTERN,Koforidua,NEW JUABEN MUNICIPAL,6.08,-0.25,1.0,27.27,27.27
2020-04-15,2020,4,15,GREATER ACCRA,Accra,ACCRA METROPOLIS,5.55,-0.22,16.0,501.91,31.37
2020-04-15,2020,4,15,GREATER ACCRA,Accra,ACCRA METROPOLIS,5.55,-0.22,1.0,42.86,42.86
2020-04-15,2020,4,15,GREATER ACCRA,Tema,TEMA METROPOLIS,5.62,-0.02,1.0,30.56,30.56
2020-04-15,2020,4,15,NORTHERN,Tamale,TAMALE NORTH SUB METRO,9.4,-0.83,16.0,171.64,10.73
2020-04-15,2020,4,15,NORTHERN,Tamale,TAMALE NORTH SUB METRO,9.4,-0.83,1.0,10.0,10.0
2020-04-15,2020,4,15,NORTHERN,Yendi,YENDI MUNICIPAL,9.45,-0.01,16.0,196.27,12.27
2020-04-15,2020,4,15,NORTHERN,Yendi,YENDI MUNICIPAL,9.45,-0.01,1.0,14.35,14.35
2020-04-15,2020,4,15,UPPER EAST,Bolga,BOLGATANGA MUNICIPAL,10.79,-0.85,16.0,320.0,20.0
2020-04-15,2020,4,15,UPPER EAST,Bolga,BOLGATANGA MUNICIPAL,10.79,-0.85,1.0,27.82,27.82
2020-04-15,2020,4,15,UPPER EAST,Garu,GARU TEMPANE,10.85,-0.18,16.0,91.43,5.71
2020-04-15,2020,4,15,UPPER EAST,Garu,GARU TEMPANE,10.85,-0.18,1.0,20.78,20.78
2020-04-15,2020,4,15,UPPER WEST,Wa,WA MUNICIPAL,10.05,-2.48,1.0,31.71,31.71
2020-04-15,2020,4,15,VOLTA,Ho,HO MUNICIPAL,6.6,0.47,1.0,14.85,14.85
2020-04-15,2020,4,15,VOLTA,Hohoe,HOHOE MUNICIPAL,7.15,0.47,1.0,8.1,8.1
2020-04-15,2020,4,15,WESTERN,Sekondi/Takoradi,SEKONDI TAKORADI,4.93,-1.7,16.0,257.53,16.1
2020-04-15,2020,4,15,WESTERN,Sekondi/Takoradi,SEKONDI TAKORADI,4.93,-1.7,1.0,20.13,20.13
2020-05-15,2020,5,15,ASHANTI,Ejura,EJURA SEKYE DUMASE,7.38,-1.37,1.0,8.62,8.62
2020-05-15,2020,5,15,ASHANTI,Kumasi,KMA,6.68,-1.62,16.0,190.52,11.91
2020-05-15,2020,5,15,ASHANTI,Kumasi,KMA,6.68,-1.62,1.0,18.79,18.79
2020-05-15,2020,5,15,ASHANTI,Obuasi,OBUASI MUNICIPAL,6.2,-1.67,1.0,31.15,31.15
2020-05-15,2020,5,15,BRONG AHAFO,Kintampo,KINTAMPO NORTH,8.06,-1.73,16.0,200.83,12.55
2020-05-15,2020,5,15,BRONG AHAFO,Kintampo,KINTAMPO NORTH,8.06,-1.73,1.0,11.39,11.39
2020-05-15,2020,5,15,BRONG AHAFO,Sunyani,SUNYANI MUNICIPAL,7.33,-2.33,16.0,200.06,12.5
2020-05-15,2020,5,15,BRONG AHAFO,Sunyani,SUNYANI MUNICIPAL,7.33,-2.33,1.0,11.98,11.98
2020-05-15,2020,5,15,BRONG AHAFO,Techiman,TECHIMAN MUNICIPAL,7.58,-1.93,16.0,496.64,31.04
2020-05-15,2020,5,15,BRONG AHAFO,Techiman,TECHIMAN MUNICIPAL,7.58,-1.93,1.0,32.9,32.9
2020-05-15,2020,5,15,CENTRAL,Cape Coast,CAPE COAST METRO,5.11,-1.24,16.0,424.4,26.52
2020-05-15,2020,5,15,CENTRAL,Cape Coast,CAPE COAST METRO,5.11,-1.24,1.0,47.06,47.06
2020-05-15,2020,5,15,CENTRAL,Mankessim,MFANTSIMAN,5.27,-1.02,1.0,26.71,26.71
2020-05-15,2020,5,15,EASTERN,Koforidua,NEW JUABEN MUNICIPAL,6.08,-0.25,16.0,333.33,20.83
2020-05-15,2020,5,15,EASTERN,Koforidua,NEW JUABEN MUNICIPAL,6.08,-0.25,1.0,18.1,18.1
2020-05-15,2020,5,15,GREATER ACCRA,Accra,ACCRA METROPOLIS,5.55,-0.22,16.0,255.28,15.96
2020-05-15,2020,5,15,GREATER ACCRA,Accra,ACCRA METROPOLIS,5.55,-0.22,1.0,38.79,38.79
2020-05-15,2020,5,15,GREATER ACCRA,Tema,TEMA METROPOLIS,5.62,-0.02,1.0,32.5,32.5
2020-05-15,2020,5,15,NORTHERN,Tamale,TAMALE NORTH SUB METRO,9.4,-0.83,16.0,192.0,12.0
2020-05-15,2020,5,15,NORTHERN,Tamale,TAMALE NORTH SUB METRO,9.4,-0.83,1.0,10.0,10.0
2020-05-15,2020,5,15,NORTHERN,Yendi,YENDI MUNICIPAL,9.45,-0.01,16.0,196.27,12.27
2020-05-15,2020,5,15,NORTHERN,Yendi,YENDI MUNICIPAL,9.45,-0.01,1.0,14.93,14.93
2020-05-15,2020,5,15,UPPER EAST,Bolga,BOLGATANGA MUNICIPAL,10.79,-0.85,16.0,109.33,6.83
2020-05-15,2020,5,15,UPPER EAST,Bolga,BOLGATANGA MUNICIPAL,10.79,-0.85,1.0,20.71,20.71
2020-05-15,2020,5,15,UPPER EAST,Garu,GARU TEMPANE,10.85,-0.18,16.0,56.19,3.51
2020-05-15,2020,5,15,UPPER EAST,Garu,GARU TEMPANE,10.85,-0.18,1.0,22.05,22.05
2020-05-15,2020,5,15,UPPER WEST,Wa,WA MUNICIPAL,10.05,-2.48,1.0,26.4,26.4
2020-05-15,2020,5,15,VOLTA,Ho,HO MUNICIPAL,6.6,0.47,1.0,10.76,10.76
2020-05-15,2020,5,15,VOLTA,Hohoe,HOHOE MUNICIPAL,7.15,0.47,1.0,6.02,6.02
2020-05-15,2020,5,15,WESTERN,Sekondi/Takoradi,SEKONDI TAKORADI,4.93,-1.7,16.0,160.83,10.05
2020-05-15,2020,5,15,WESTERN,Sekondi/Takoradi,SEKONDI TAKORADI,4.93,-1.7,1.0,20.18,20.18
2020-06-15,2020,6,15,ASHANTI,Ejura,EJURA SEKYE DUMASE,7.38,-1.37,16.0,408.15,25.51
2020-06-15,2020,6,15,ASHANTI,Kumasi,KMA,6.68,-1.62,16.0,113.68,7.1
2020-06-15,2020,6,15,BRONG AHAFO,Kintampo,KINTAMPO NORTH,8.06,-1.73,16.0,290.91,18.18
2020-06-15,2020,6,15,BRONG AHAFO,Sunyani,SUNYANI MUNICIPAL,7.33,-2.33,16.0,174.49,10.91
2020-06-15,2020,6,15,BRONG AHAFO,Techiman,TECHIMAN MUNICIPAL,7.58,-1.93,16.0,329.41,20.59
2020-06-15,2020,6,15,CENTRAL,Cape Coast,CAPE COAST METRO,5.11,-1.24,16.0,431.48,26.97
2020-06-15,2020,6,15,EASTERN,Koforidua,NEW JUABEN MUNICIPAL,6.08,-0.25,16.0,84.21,5.26
2020-06-15,2020,6,15,GREATER ACCRA,Accra,ACCRA METROPOLIS,5.55,-0.22,16.0,350.36,21.9
2020-06-15,2020,6,15,GREATER ACCRA,Tema,TEMA METROPOLIS,5.62,-0.02,16.0,274.75,17.17
2020-06-15,2020,6,15,NORTHERN,Tamale,TAMALE NORTH SUB METRO,9.4,-0.83,16.0,192.0,12.0
2020-06-15,2020,6,15,NORTHERN,Yendi,YENDI MUNICIPAL,9.45,-0.01,16.0,207.47,12.97
2020-06-15,2020,6,15,UPPER EAST,Bolga,BOLGATANGA MUNICIPAL,10.79,-0.85,16.0,244.0,15.25
2020-06-15,2020,6,15,UPPER EAST,Garu,GARU TEMPANE,10.85,-0.18,16.0,91.43,5.71
2020-06-15,2020,6,15,WESTERN,Sekondi/Takoradi,SEKONDI TAKORADI,4.93,-1.7,16.0,228.64,14.29
2020-07-15,2020,7,15,ASHANTI,Ejura,EJURA SEKYE DUMASE,7.38,-1.37,1.0,10.15,10.15
2020-07-15,2020,7,15,ASHANTI,Kumasi,KMA,6.68,-1.62,16.0,189.52,11.84
2020-07-15,2020,7,15,ASHANTI,Kumasi,KMA,6.68,-1.62,1.0,10.61,10.61
2020-07-15,2020,7,15,ASHANTI,Obuasi,OBUASI MUNICIPAL,6.2,-1.67,1.0,11.6,11.6
2020-07-15,2020,7,15,BRONG AHAFO,Kintampo,KINTAMPO NORTH,8.06,-1.73,16.0,100.0,6.25
2020-07-15,2020,7,15,BRONG AHAFO,Kintampo,KINTAMPO NORTH,8.06,-1.73,1.0,6.67,6.67
2020-07-15,2020,7,15,BRONG AHAFO,Sunyani,SUNYANI MUNICIPAL,7.33,-2.33,16.0,80.0,5.0
2020-07-15,2020,7,15,BRONG AHAFO,Sunyani,SUNYANI MUNICIPAL,7.33,-2.33,1.0,3.85,3.85
2020-07-15,2020,7,15,CENTRAL,Cape Coast,CAPE COAST METRO,5.11,-1.24,16.0,500.0,31.25
2020-07-15,2020,7,15,CENTRAL,Mankessim,MFANTSIMAN,5.27,-1.02,1.0,14.77,14.77
2020-07-15,2020,7,15,EASTERN,Koforidua,NEW JUABEN MUNICIPAL,6.08,-0.25,1.0,9.3,9.3
2020-07-15,2020,7,15,GREATER ACCRA,Accra,ACCRA METROPOLIS,5.55,-0.22,16.0,203.42,12.71
2020-07-15,2020,7,15,GREATER ACCRA,Accra,ACCRA METROPOLIS,5.55,-0.22,1.0,17.5,17.5
2020-07-15,2020,7,15,UPPER EAST,Bolga,BOLGATANGA MUNICIPAL,10.79,-0.85,1.0,7.5,7.5
2020-07-15,2020,7,15,UPPER EAST,Garu,GARU TEMPANE,10.85,-0.18,16.0,37.14,2.32
2020-07-15,2020,7,15,UPPER WEST,Wa,WA MUNICIPAL,10.05,-2.48,1.0,18.33,18.33
2020-07-15,2020,7,15,VOLTA,Ho,HO MUNICIPAL,6.6,0.47,1.0,5.33,5.33
2020-07-15,2020,7,15,VOLTA,Hohoe,HOHOE MUNICIPAL,7.15,0.47,1.0,3.0,3.0
2020-07-15,2020,7,15,WESTERN,Sekondi/Takoradi,SEKONDI TAKORADI,4.93,-1.7,16.0,237.04,14.82
2020-07-15,2020,7,15,WESTERN,Sekondi/Takoradi,SEKONDI TAKORADI,4.93,-1.7,1.0,12.95,12.95
2020-08-15,2020,8,15,ASHANTI,Kumasi,KMA,6.68,-1.62,16.0,136.2,8.51
2020-08-15,2020,8,15,ASHANTI,Kumasi,KMA,6.68,-1.62,1.0,6.16,6.16
2020-08-15,2020,8,15,ASHANTI,Obuasi,OBUASI MUNICIPAL,6.2,-1.67,1.0,16.11,16.11
2020-08-15,2020,8,15,BRONG AHAFO,Kintampo,KINTAMPO NORTH,8.06,-1.73,16.0,85.9,5.37
2020-08-15,2020,8,15,BRONG AHAFO,Kintampo,KINTAMPO NORTH,8.06,-1.73,1.0,4.02,4.02
2020-08-15,2020,8,15,BRONG AHAFO,Sunyani,SUNYANI MUNICIPAL,7.33,-2.33,16.0,73.74,4.61
2020-08-15,2020,8,15,BRONG AHAFO,Sunyani,SUNYANI MUNICIPAL,7.33,-2.33,1.0,4.5,4.5
2020-08-15,2020,8,15,CENTRAL,Cape Coast,CAPE COAST METRO,5.11,-1.24,16.0,500.0,31.25
2020-08-15,2020,8,15,CENTRAL,Mankessim,MFANTSIMAN,5.27,-1.02,1.0,6.2,6.2
2020-08-15,2020,8,15,EASTERN,Koforidua,NEW JUABEN MUNICIPAL,6.08,-0.25,16.0,333.33,20.83
2020-08-15,2020,8,15,EASTERN,Koforidua,NEW JUABEN MUNICIPAL,6.08,-0.25,1.0,10.0,10.0
2020-08-15,2020,8,15,GREATER ACCRA,Accra,ACCRA METROPOLIS,5.55,-0.22,16.0,203.42,12.71
2020-08-15,2020,8,15,GREATER ACCRA,Accra,ACCRA METROPOLIS,5.55,-0.22,1.0,17.5,17.5
2020-08-15,2020,8,15,UPPER EAST,Bolga,BOLGATANGA MUNICIPAL,10.79,-0.85,1.0,7.5,7.5
2020-08-15,2020,8,15,UPPER EAST,Garu,GARU TEMPANE,10.85,-0.18,16.0,37.14,2.32
2020-08-15,2020,8,15,UPPER EAST,Garu,GARU TEMPANE,10.85,-0.18,1.0,5.25,5.25
2020-08-15,2020,8,15,UPPER WEST,Wa,WA MUNICIPAL,10.05,-2.48,1.0,10.0,10.0
2020-08-15,2020,8,15,VOLTA,Ho,HO MUNICIPAL,6.6,0.47,1.0,6.43,6.43
2020-08-15,2020,8,15,VOLTA,Hohoe,HOHOE MUNICIPAL,7.15,0.47,1.0,2.99,2.99
2020-08-15,2020,8,15,WESTERN,Sekondi/Takoradi,SEKONDI TAKORADI,4.93,-1.7,16.0,160.7,10.04
2020-08-15,2020,8,15,WESTERN,Sekondi/Takoradi,SEKONDI TAKORADI,4.93,-1.7,1.0,13.36,13.36
2020-09-15,2020,9,15,ASHANTI,Kumasi,KMA,6.68,-1.62,16.0,207.93,13.0
2020-09-15,2020,9,15,ASHANTI,Kumasi,KMA,6.68,-1.62,1.0,18.75,18.75
2020-09-15,2020,9,15,ASHANTI,Obuasi,OBUASI MUNICIPAL,6.2,-1.67,1.0,20.42,20.42
2020-09-15,2020,9,15,BRONG AHAFO,Kintampo,KINTAMPO NORTH,8.06,-1.73,16.0,120.53,7.53
2020-09-15,2020,9,15,BRONG AHAFO,Kintampo,KINTAMPO NORTH,8.06,-1.73,1.0,6.77,6.77
2020-09-15,2020,9,15,BRONG AHAFO,Sunyani,SUNYANI MUNICIPAL,7.33,-2.33,16.0,161.88,10.12
2020-09-15,2020,9,15,BRONG AHAFO,Sunyani,SUNYANI MUNICIPAL,7.33,-2.33,1.0,8.99,8.99
2020-09-15,2020,9,15,CENTRAL,Cape Coast,CAPE COAST METRO,5.11,-1.24,16.0,523.81,32.74
2020-09-15,2020,9,15,CENTRAL,Cape Coast,CAPE COAST METRO,5.11,-1.24,1.0,26.67,26.67
2020-09-15,2020,9,15,CENTRAL,Mankessim,MFANTSIMAN,5.27,-1.02,1.0,11.6,11.6
2020-09-15,2020,9,15,EASTERN,Koforidua,NEW JUABEN MUNICIPAL,6.08,-0.25,16.0,333.33,20.83
2020-09-15,2020,9,15,EASTERN,Koforidua,NEW JUABEN MUNICIPAL,6.08,-0.25,1.0,10.0,10.0
2020-09-15,2020,9,15,GREATER ACCRA,Accra,ACCRA METROPOLIS,5.55,-0.22,16.0,208.42,13.03
2020-09-15,2020,9,15,GREATER ACCRA,Accra,ACCRA METROPOLIS,5.55,-0.22,1.0,17.5,17.5
2020-09-15,2020,9,15,UPPER EAST,Bolga,BOLGATANGA MUNICIPAL,10.79,-0.85,1.0,10.5,10.5
2020-09-15,2020,9,15,UPPER WEST,Wa,WA MUNICIPAL,10.05,-2.48,1.0,9.09,9.09
2020-09-15,2020,9,15,VOLTA,Ho,HO MUNICIPAL,6.6,0.47,1.0,7.86,7.86
2020-09-15,2020,9,15,VOLTA,Hohoe,HOHOE MUNICIPAL,7.15,0.47,1.0,2.99,2.99
2020-09-15,2020,9,15,WESTERN,Sekondi/Takoradi,SEKONDI TAKORADI,4.93,-1.7,16.0,235.54,14.72
2020-09-15,2020,9,15,WESTERN,Sekondi/Takoradi,SEKONDI TAKORADI,4.93,-1.7,1.0,23.19,23.19
2020-10-15,2020,10,15,ASHANTI,Kumasi,KMA,6.68,-1.62,16.0,19.05,1.19
2020-10-15,2020,10,15,ASHANTI,Kumasi,KMA,6.68,-1.62,1.0,1.95,1.95
2020-10-15,2020,10,15,BRONG AHAFO,Kintampo,KINTAMPO NORTH,8.06,-1.73,16.0,21.73,1.36
2020-10-15,2020,10,15,BRONG AHAFO,Kintampo,KINTAMPO NORTH,8.06,-1.73,1.0,2.7,2.7
2020-10-15,2020,10,15,BRONG AHAFO,Sunyani,SUNYANI MUNICIPAL,7.33,-2.33,1.0,3.2,3.2
2020-10-15,2020,10,15,BRONG AHAFO,Techiman,TECHIMAN MUNICIPAL,7.58,-1.93,16.0,18.37,1.15
2020-10-15,2020,10,15,BRONG AHAFO,Techiman,TECHIMAN MUNICIPAL,7.58,-1.93,1.0,3.08,3.08
2020-10-15,2020,10,15,CENTRAL,Cape Coast,CAPE COAST METRO,5.11,-1.24,16.0,24.95,1.56
2020-10-15,2020,10,15,CENTRAL,Cape Coast,CAPE COAST METRO,5.11,-1.24,1.0,4.67,4.67
2020-10-15,2020,10,15,CENTRAL,Mankessim,MFANTSIMAN,5.27,-1.02,1.0,4.65,4.65
2020-10-15,2020,10,15,EASTERN,Koforidua,NEW JUABEN MUNICIPAL,6.08,-0.25,1.0,3.78,3.78
2020-10-15,2020,10,15,GREATER ACCRA,Accra,ACCRA METROPOLIS,5.55,-0.22,16.0,39.07,2.44
2020-10-15,2020,10,15,GREATER ACCRA,Accra,ACCRA METROPOLIS,5.55,-0.22,1.0,2.5,2.5
2020-10-15,2020,10,15,GREATER ACCRA,Tema,TEMA METROPOLIS,5.62,-0.02,16.0,68.4,4.28
2020-10-15,2020,10,15,NORTHERN,Tamale,TAMALE NORTH SUB METRO,9.4,-0.83,16.0,33.33,2.08
2020-10-15,2020,10,15,NORTHERN,Tamale,TAMALE NORTH SUB METRO,9.4,-0.83,1.0,3.17,3.17
2020-10-15,2020,10,15,UPPER EAST,Garu,GARU TEMPANE,10.85,-0.18,1.0,5.75,5.75
2020-10-15,2020,10,15,VOLTA,Ho,HO MUNICIPAL,6.6,0.47,1.0,4.9,4.9
2020-10-15,2020,10,15,WESTERN,Sekondi/Takoradi,SEKONDI TAKORADI,4.93,-1.7,16.0,35.37,2.21
2020-10-15,2020,10,15,WESTERN,Sekondi/Takoradi,SEKONDI TAKORADI,4.93,-1.7,1.0,9.41,9.41
2020-11-15,2020,11,15,ASHANTI,Kumasi,KMA,6.68,-1.62,16.0,19.05,1.19
2020-11-15,2020,11,15,ASHANTI,Kumasi,KMA,6.68,-1.62,1.0,1.95,1.95
2020-11-15,2020,11,15,ASHANTI,Obuasi,OBUASI MUNICIPAL,6.2,-1.67,1.0,4.99,4.99
2020-11-15,2020,11,15,BRONG AHAFO,Kintampo,KINTAMPO NORTH,8.06,-1.73,16.0,21.73,1.36
2020-11-15,2020,11,15,BRONG AHAFO,Kintampo,KINTAMPO NORTH,8.06,-1.73,1.0,2.7,2.7
2020-11-15,2020,11,15,BRONG AHAFO,Sunyani,SUNYANI MUNICIPAL,7.33,-2.33,1.0,3.2,3.2
2020-11-15,2020,11,15,BRONG AHAFO,Techiman,TECHIMAN MUNICIPAL,7.58,-1.93,16.0,15.99,1.0
2020-11-15,2020,11,15,BRONG AHAFO,Techiman,TECHIMAN MUNICIPAL,7.58,-1.93,1.0,3.08,3.08
2020-11-15,2020,11,15,CENTRAL,Cape Coast,CAPE COAST METRO,5.11,-1.24,16.0,24.95,1.56
2020-11-15,2020,11,15,CENTRAL,Cape Coast,CAPE COAST METRO,5.11,-1.24,1.0,4.67,4.67
2020-11-15,2020,11,15,CENTRAL,Mankessim,MFANTSIMAN,5.27,-1.02,1.0,4.68,4.68
2020-11-15,2020,11,15,EASTERN,Koforidua,NEW JUABEN MUNICIPAL,6.08,-0.25,1.0,4.85,4.85
2020-11-15,2020,11,15,GREATER ACCRA,Accra,ACCRA METROPOLIS,5.55,-0.22,16.0,40.79,2.55
2020-11-15,2020,11,15,GREATER ACCRA,Accra,ACCRA METROPOLIS,5.55,-0.22,1.0,2.46,2.46
2020-11-15,2020,11,15,GREATER ACCRA,Tema,TEMA METROPOLIS,5.62,-0.02,16.0,50.28,3.14
2020-11-15,2020,11,15,NORTHERN,Tamale,TAMALE NORTH SUB METRO,9.4,-0.83,16.0,33.33,2.08
2020-11-15,2020,11,15,NORTHERN,Tamale,TAMALE NORTH SUB METRO,9.4,-0.83,1.0,3.17,3.17
2020-11-15,2020,11,15,UPPER EAST,Garu,GARU TEMPANE,10.85,-0.18,1.0,5.75,5.75
2020-11-15,2020,11,15,VOLTA,Ho,HO MUNICIPAL,6.6,0.47,1.0,4.9,4.9
2020-11-15,2020,11,15,WESTERN,Sekondi/Takoradi,SEKONDI TAKORADI,4.93,-1.7,16.0,35.37,2.21
2020-11-15,2020,11,15,WESTERN,Sekondi/Takoradi,SEKONDI TAKORADI,4.93,-1.7,1.0,9.41,9.41
2020-12-15,2020,12,15,ASHANTI,Kumasi,KMA,6.68,-1.62,16.0,46.73,2.92
2020-12-15,2020,12,15,ASHANTI,Kumasi,KMA,6.68,-1.62,1.0,1.95,1.95
2020-12-15,2020,12,15,ASHANTI,Obuasi,OBUASI MUNICIPAL,6.2,-1.67,1.0,4.99,4.99
2020-12-15,2020,12,15,BRONG AHAFO,Sunyani,SUNYANI MUNICIPAL,7.33,-2.33,1.0,1.49,1.49
2020-12-15,2020,12,15,BRONG AHAFO,Techiman,TECHIMAN MUNICIPAL,7.58,-1.93,16.0,19.2,1.2
2020-12-15,2020,12,15,BRONG AHAFO,Techiman,TECHIMAN MUNICIPAL,7.58,-1.93,1.0,2.59,2.59
2020-12-15,2020,12,15,CENTRAL,Cape Coast,CAPE COAST METRO,5.11,-1.24,1.0,4.67,4.67
2020-12-15,2020,12,15,CENTRAL,Mankessim,MFANTSIMAN,5.27,-1.02,1.0,4.73,4.73
2020-12-15,2020,12,15,EASTERN,Koforidua,NEW JUABEN MUNICIPAL,6.08,-0.25,1.0,5.0,5.0
2020-12-15,2020,12,15,GREATER ACCRA,Accra,ACCRA METROPOLIS,5.55,-0.22,16.0,35.36,2.21
2020-12-15,2020,12,15,GREATER ACCRA,Accra,ACCRA METROPOLIS,5.55,-0.22,1.0,2.46,2.46
2020-12-15,2020,12,15,GREATER ACCRA,Tema,TEMA METROPOLIS,5.62,-0.02,16.0,56.11,3.51
2020-12-15,2020,12,15,NORTHERN,Tamale,TAMALE NORTH SUB METRO,9.4,-0.83,16.0,33.33,2.08
2020-12-15,2020,12,15,NORTHERN,Tamale,TAMALE NORTH SUB METRO,9.4,-0.83,1.0,3.17,3.17
2020-12-15,2020,12,15,WESTERN,Sekondi/Takoradi,SEKONDI TAKORADI,4.93,-1.7,16.0,28.58,1.79
2020-12-15,2020,12,15,WESTERN,Sekondi/Takoradi,SEKONDI TAKORADI,4.93,-1.7,1.0,6.58,6.58
2021-01-15,2021,1,15,ASHANTI,Ejura,EJURA SEKYE DUMASE,7.38,-1.37,1.0,2.19,2.19
2021-01-15,2021,1,15,ASHANTI,Kumasi,KMA,6.68,-1.62,16.0,108.2,6.76
2021-01-15,2021,1,15,ASHANTI,Kumasi,KMA,6.68,-1.62,1.0,3.45,3.45
2021-01-15,2021,1,15,ASHANTI,Obuasi,OBUASI MUNICIPAL,6.2,-1.67,1.0,2.03,2.03
2021-01-15,2021,1,15,BRONG AHAFO,Sunyani,SUNYANI MUNICIPAL,7.33,-2.33,1.0,0.8,0.8
2021-01-15,2021,1,15,BRONG AHAFO,Techiman,TECHIMAN MUNICIPAL,7.58,-1.93,16.0,253.56,15.85
2021-01-15,2021,1,15,BRONG AHAFO,Techiman,TECHIMAN MUNICIPAL,7.58,-1.93,1.0,2.03,2.03
2021-01-15,2021,1,15,CENTRAL,Cape Coast,CAPE COAST METRO,5.11,-1.24,1.0,3.03,3.03
2021-01-15,2021,1,15,CENTRAL,Mankessim,MFANTSIMAN,5.27,-1.02,1.0,2.16,2.16
2021-01-15,2021,1,15,EASTERN,Koforidua,NEW JUABEN MUNICIPAL,6.08,-0.25,1.0,2.85,2.85
2021-01-15,2021,1,15,GREATER ACCRA,Accra,ACCRA METROPOLIS,5.55,-0.22,16.0,35.36,2.21
2021-01-15,2021,1,15,GREATER ACCRA,Accra,ACCRA METROPOLIS,5.55,-0.22,1.0,3.22,3.22
2021-01-15,2021,1,15,GREATER ACCRA,Tema,TEMA METROPOLIS,5.62,-0.02,16.0,56.11,3.51
2021-01-15,2021,1,15,GREATER ACCRA,Tema,TEMA METROPOLIS,5.62,-0.02,1.0,4.67,4.67
2021-01-15,2021,1,15,NORTHERN,Tamale,TAMALE NORTH SUB METRO,9.4,-0.83,16.0,107.22,6.7
2021-01-15,2021,1,15,NORTHERN,Tamale,TAMALE NORTH SUB METRO,9.4,-0.83,1.0,3.17,3.17
2021-01-15,2021,1,15,UPPER WEST,Wa,WA MUNICIPAL,10.05,-2.48,1.0,2.67,2.67
2021-01-15,2021,1,15,VOLTA,Ho,HO MUNICIPAL,6.6,0.47,1.0,1.14,1.14
2021-01-15,2021,1,15,VOLTA,Hohoe,HOHOE MUNICIPAL,7.15,0.47,1.0,1.14,1.14
2021-01-15,2021,1,15,WESTERN,Sekondi/Takoradi,SEKONDI TAKORADI,4.93,-1.7,16.0,485.33,30.33
2021-01-15,2021,1,15,WESTERN,Sekondi/Takoradi,SEKONDI TAKORADI,4.93,-1.7,1.0,3.25,3.25
2021-02-15,2021,2,15,ASHANTI,Ejura,EJURA SEKYE DUMASE,7.38,-1.37,16.0,129.68,8.1
2021-02-15,2021,2,15,ASHANTI,Kumasi,KMA,6.68,-1.62,16.0,251.77,15.74
2021-02-15,2021,2,15,ASHANTI,Kumasi,KMA,6.68,-1.62,1.0,2.78,2.78
2021-02-15,2021,2,15,ASHANTI,Obuasi,OBUASI MUNICIPAL,6.2,-1.67,1.0,6.32,6.32
2021-02-15,2021,2,15,BRONG AHAFO,Sunyani,SUNYANI MUNICIPAL,7.33,-2.33,1.0,2.04,2.04
2021-02-15,2021,2,15,BRONG AHAFO,Techiman,TECHIMAN MUNICIPAL,7.58,-1.93,1.0,3.61,3.61
2021-02-15,2021,2,15,CENTRAL,Cape Coast,CAPE COAST METRO,5.11,-1.24,1.0,4.67,4.67
2021-02-15,2021,2,15,CENTRAL,Mankessim,MFANTSIMAN,5.27,-1.02,1.0,14.06,14.06
2021-02-15,2021,2,15,EASTERN,Koforidua,NEW JUABEN MUNICIPAL,6.08,-0.25,16.0,333.33,20.83
2021-02-15,2021,2,15,EASTERN,Koforidua,NEW JUABEN MUNICIPAL,6.08,-0.25,1.0,1.4,1.4
2021-02-15,2021,2,15,GREATER ACCRA,Accra,ACCRA METROPOLIS,5.55,-0.22,16.0,203.6,12.72
2021-02-15,2021,2,15,GREATER ACCRA,Accra,ACCRA METROPOLIS,5.55,-0.22,1.0,2.76,2.76
2021-02-15,2021,2,15,GREATER ACCRA,Tema,TEMA METROPOLIS,5.62,-0.02,1.0,3.16,3.16
2021-02-15,2021,2,15,NORTHERN,Tamale,TAMALE NORTH SUB METRO,9.4,-0.83,1.0,3.02,3.02
2021-02-15,2021,2,15,UPPER EAST,Bolga,BOLGATANGA MUNICIPAL,10.79,-0.85,1.0,2.38,2.38
2021-02-15,2021,2,15,VOLTA,Ho,HO MUNICIPAL,6.6,0.47,1.0,7.38,7.38
2021-02-15,2021,2,15,VOLTA,Hohoe,HOHOE MUNICIPAL,7.15,0.47,1.0,7.33,7.33
2021-02-15,2021,2,15,WESTERN,Sekondi/Takoradi,SEKONDI TAKORADI,4.93,-1.7,16.0,103.32,6.46
2021-02-15,2021,2,15,WESTERN,Sekondi/Takoradi,SEKONDI TAKORADI,4.93,-1.7,1.0,5.78,5.78
2021-03-15,2021,3,15,ASHANTI,Kumasi,KMA,6.68,-1.62,16.0,281.27,17.58
2021-03-15,2021,3,15,ASHANTI,Kumasi,KMA,6.68,-1.62,1.0,2.78,2.78
2021-03-15,2021,3,15,ASHANTI,Obuasi,OBUASI MUNICIPAL,6.2,-1.67,1.0,6.42,6.42
2021-03-15,2021,3,15,BRONG AHAFO,Sunyani,SUNYANI MUNICIPAL,7.33,-2.33,1.0,2.05,2.05
2021-03-15,2021,3,15,BRONG AHAFO,Techiman,TECHIMAN MUNICIPAL,7.58,-1.93,16.0,147.0,9.19
2021-03-15,2021,3,15,BRONG AHAFO,Techiman,TECHIMAN MUNICIPAL,7.58,-1.93,1.0,4.66,4.66
2021-03-15,2021,3,15,CENTRAL,Cape Coast,CAPE COAST METRO,5.11,-1.24,1.0,5.33,5.33
2021-03-15,2021,3,15,CENTRAL,Mankessim,MFANTSIMAN,5.27,-1.02,1.0,5.11,5.11
2021-03-15,2021,3,15,EASTERN,Koforidua,NEW JUABEN MUNICIPAL,6.08,-0.25,1.0,1.4,1.4
2021-03-15,2021,3,15,GREATER ACCRA,Accra,ACCRA METROPOLIS,5.55,-0.22,1.0,2.12,2.12
2021-03-15,2021,3,15,GREATER ACCRA,Tema,TEMA METROPOLIS,5.62,-0.02,1.0,2.18,2.18
2021-03-15,2021,3,15,NORTHERN,Tamale,TAMALE NORTH SUB METRO,9.4,-0.83,16.0,117.65,7.35
2021-03-15,2021,3,15,NORTHERN,Tamale,TAMALE NORTH SUB METRO,9.4,-0.83,1.0,3.02,3.02
2021-03-15,2021,3,15,UPPER EAST,Bolga,BOLGATANGA MUNICIPAL,10.79,-0.85,1.0,2.38,2.38
2021-03-15,2021,3,15,UPPER WEST,Wa,WA MUNICIPAL,10.05,-2.48,1.0,10.0,10.0
2021-03-15,2021,3,15,VOLTA,Ho,HO MUNICIPAL,6.6,0.47,1.0,6.29,6.29
2021-03-15,2021,3,15,WESTERN,Sekondi/Takoradi,SEKONDI TAKORADI,4.93,-1.7,1.0,5.62,5.62
2021-04-15,2021,4,15,ASHANTI,Kumasi,KMA,6.68,-1.62,16.0,187.51,11.72
2021-04-15,2021,4,15,ASHANTI,Kumasi,KMA,6.68,-1.62,1.0,2.78,2.78
2021-04-15,2021,4,15,ASHANTI,Obuasi,OBUASI MUNICIPAL,6.2,-1.67,1.0,6.28,6.28
2021-04-15,2021,4,15,BRONG AHAFO,Kintampo,KINTAMPO NORTH,8.06,-1.73,16.0,125.96,7.87
2021-04-15,2021,4,15,BRONG AHAFO,Kintampo,KINTAMPO NORTH,8.06,-1.73,1.0,3.46,3.46
2021-04-15,2021,4,15,BRONG AHAFO,Sunyani,SUNYANI MUNICIPAL,7.33,-2.33,1.0,1.89,1.89
2021-04-15,2021,4,15,BRONG AHAFO,Techiman,TECHIMAN MUNICIPAL,7.58,-1.93,16.0,157.0,9.81
2021-04-15,2021,4,15,CENTRAL,Cape Coast,CAPE COAST METRO,5.11,-1.24,1.0,13.22,13.22
2021-04-15,2021,4,15,CENTRAL,Mankessim,MFANTSIMAN,5.27,-1.02,1.0,7.05,7.05
2021-04-15,2021,4,15,EASTERN,Koforidua,NEW JUABEN MUNICIPAL,6.08,-0.25,1.0,1.4,1.4
2021-04-15,2021,4,15,GREATER ACCRA,Accra,ACCRA METROPOLIS,5.55,-0.22,1.0,2.1,2.1
2021-04-15,2021,4,15,NORTHERN,Tamale,TAMALE NORTH SUB METRO,9.4,-0.83,16.0,117.65,7.35
2021-04-15,2021,4,15,NORTHERN,Tamale,TAMALE NORTH SUB METRO,9.4,-0.83,1.0,3.02,3.02
2021-04-15,2021,4,15,UPPER EAST,Bolga,BOLGATANGA MUNICIPAL,10.79,-0.85,16.0,125.5,7.84
2021-04-15,2021,4,15,UPPER EAST,Bolga,BOLGATANGA MUNICIPAL,10.79,-0.85,1.0,2.38,2.38
2021-04-15,2021,4,15,UPPER WEST,Wa,WA MUNICIPAL,10.05,-2.48,1.0,2.18,2.18
2021-04-15,2021,4,15,VOLTA,Ho,HO MUNICIPAL,6.6,0.47,1.0,6.33,6.33
2021-04-15,2021,4,15,WESTERN,Sekondi/Takoradi,SEKONDI TAKORADI,4.93,-1.7,1.0,9.36,9.36
2021-05-15,2021,5,15,ASHANTI,Kumasi,KMA,6.68,-1.62,16.0,184.62,11.54
2021-05-15,2021,5,15,ASHANTI,Kumasi,KMA,6.68,-1.62,1.0,2.78,2.78
2021-05-15,2021,5,15,ASHANTI,Obuasi,OBUASI MUNICIPAL,6.2,-1.67,1.0,5.63,5.63
2021-05-15,2021,5,15,BRONG AHAFO,Sunyani,SUNYANI MUNICIPAL,7.33,-2.33,1.0,1.96,1.96
2021-05-15,2021,5,15,BRONG AHAFO,Techiman,TECHIMAN MUNICIPAL,7.58,-1.93,16.0,146.11,9.13
2021-05-15,2021,5,15,CENTRAL,Cape Coast,CAPE COAST METRO,5.11,-1.24,1.0,11.22,11.22
2021-05-15,2021,5,15,CENTRAL,Mankessim,MFANTSIMAN,5.27,-1.02,1.0,6.19,6.19
2021-05-15,2021,5,15,EASTERN,Koforidua,NEW JUABEN MUNICIPAL,6.08,-0.25,1.0,1.4,1.4
2021-05-15,2021,5,15,GREATER ACCRA,Accra,ACCRA METROPOLIS,5.55,-0.22,1.0,2.1,2.1
2021-05-15,2021,5,15,NORTHERN,Tamale,TAMALE NORTH SUB METRO,9.4,-0.83,16.0,117.65,7.35
2021-05-15,2021,5,15,NORTHERN,Tamale,TAMALE NORTH SUB METRO,9.4,-0.83,1.0,3.02,3.02
2021-05-15,2021,5,15,UPPER WEST,Wa,WA MUNICIPAL,10.05,-2.48,1.0,2.92,2.92
2021-05-15,2021,5,15,VOLTA,Ho,HO MUNICIPAL,6.6,0.47,1.0,4.07,4.07
2021-05-15,2021,5,15,WESTERN,Sekondi/Takoradi,SEKONDI TAKORADI,4.93,-1.7,16.0,208.37,13.02
2021-05-15,2021,5,15,WESTERN,Sekondi/Takoradi,SEKONDI TAKORADI,4.93,-1.7,1.0,11.46,11.46
2021-06-15,2021,6,15,ASHANTI,Kumasi,KMA,6.68,-1.62,16.0,184.62,11.54
2021-06-15,2021,6,15,ASHANTI,Obuasi,OBUASI MUNICIPAL,6.2,-1.67,1.0,1.14,1.14
2021-06-15,2021,6,15,BRONG AHAFO,Kintampo,KINTAMPO NORTH,8.06,-1.73,16.0,125.96,7.87
2021-06-15,2021,6,15,BRONG AHAFO,Kintampo,KINTAMPO NORTH,8.06,-1.73,1.0,3.54,3.54
2021-06-15,2021,6,15,BRONG AHAFO,Sunyani,SUNYANI MUNICIPAL,7.33,-2.33,1.0,3.43,3.43
2021-06-15,2021,6,15,BRONG AHAFO,Techiman,TECHIMAN MUNICIPAL,7.58,-1.93,16.0,81.0,5.06
2021-06-15,2021,6,15,BRONG AHAFO,Techiman,TECHIMAN MUNICIPAL,7.58,-1.93,1.0,4.46,4.46
2021-06-15,2021,6,15,CENTRAL,Cape Coast,CAPE COAST METRO,5.11,-1.24,1.0,4.11,4.11
2021-06-15,2021,6,15,CENTRAL,Mankessim,MFANTSIMAN,5.27,-1.02,1.0,3.18,3.18
2021-06-15,2021,6,15,EASTERN,Koforidua,NEW JUABEN MUNICIPAL,6.08,-0.25,1.0,4.66,4.66
2021-06-15,2021,6,15,GREATER ACCRA,Accra,ACCRA METROPOLIS,5.55,-0.22,1.0,1.96,1.96
2021-06-15,2021,6,15,GREATER ACCRA,Tema,TEMA METROPOLIS,5.62,-0.02,1.0,13.89,13.89
2021-06-15,2021,6,15,NORTHERN,Tamale,TAMALE NORTH SUB METRO,9.4,-0.83,16.0,117.65,7.35
2021-06-15,2021,6,15,NORTHERN,Tamale,TAMALE NORTH SUB METRO,9.4,-0.83,1.0,7.54,7.54
2021-06-15,2021,6,15,UPPER EAST,Bolga,BOLGATANGA MUNICIPAL,10.79,-0.85,1.0,8.29,8.29
2021-06-15,2021,6,15,UPPER WEST,Wa,WA MUNICIPAL,10.05,-2.48,1.0,4.85,4.85
2021-06-15,2021,6,15,VOLTA,Ho,HO MUNICIPAL,6.6,0.47,1.0,1.14,1.14
2021-06-15,2021,6,15,WESTERN,Sekondi/Takoradi,SEKONDI TAKORADI,4.93,-1.7,16.0,217.56,13.6
2021-06-15,2021,6,15,WESTERN,Sekondi/Takoradi,SEKONDI TAKORADI,4.93,-1.7,1.0,9.83,9.83
2021-07-15,2021,7,15,ASHANTI,Kumasi,KMA,6.68,-1.62,1.0,2.78,2.78
2021-07-15,2021,7,15,ASHANTI,Obuasi,OBUASI MUNICIPAL,6.2,-1.67,1.0,5.53,5.53
2021-07-15,2021,7,15,BRONG AHAFO,Kintampo,KINTAMPO NORTH,8.06,-1.73,1.0,3.71,3.71
2021-07-15,2021,7,15,BRONG AHAFO,Sunyani,SUNYANI MUNICIPAL,7.33,-2.33,1.0,3.25,3.25
2021-07-15,2021,7,15,BRONG AHAFO,Techiman,TECHIMAN MUNICIPAL,7.58,-1.93,1.0,4.32,4.32
2021-07-15,2021,7,15,CENTRAL,Cape Coast,CAPE COAST METRO,5.11,-1.24,1.0,10.28,10.28
2021-07-15,2021,7,15,CENTRAL,Mankessim,MFANTSIMAN,5.27,-1.02,1.0,5.57,5.57
2021-07-15,2021,7,15,GREATER ACCRA,Accra,ACCRA METROPOLIS,5.55,-0.22,1.0,3.2,3.2
2021-07-15,2021,7,15,GREATER ACCRA,Tema,TEMA METROPOLIS,5.62,-0.02,1.0,13.89,13.89
2021-07-15,2021,7,15,NORTHERN,Tamale,TAMALE NORTH SUB METRO,9.4,-0.83,16.0,117.65,7.35
2021-07-15,2021,7,15,NORTHERN,Tamale,TAMALE NORTH SUB METRO,9.4,-0.83,1.0,3.02,3.02
2021-07-15,2021,7,15,UPPER EAST,Bolga,BOLGATANGA MUNICIPAL,10.79,-0.85,1.0,2.38,2.38
2021-07-15,2021,7,15,VOLTA,Ho,HO MUNICIPAL,6.6,0.47,1.0,5.58,5.58
2021-07-15,2021,7,15,VOLTA,Hohoe,HOHOE MUNICIPAL,7.15,0.47,1.0,4.15,4.15
2021-07-15,2021,7,15,WESTERN,Sekondi/Takoradi,SEKONDI TAKORADI,4.93,-1.7,1.0,3.92,3.92
2021-08-15,2021,8,15,ASHANTI,Kumasi,KMA,6.68,-1.62,1.0,2.78,2.78
2021-08-15,2021,8,15,ASHANTI,Obuasi,OBUASI MUNICIPAL,6.2,-1.67,1.0,5.53,5.53
2021-08-15,2021,8,15,BRONG AHAFO,Kintampo,KINTAMPO NORTH,8.06,-1.73,1.0,5.21,5.21
2021-08-15,2021,8,15,BRONG AHAFO,Sunyani,SUNYANI MUNICIPAL,7.33,-2.33,1.0,3.48,3.48
2021-08-15,2021,8,15,BRONG AHAFO,Techiman,TECHIMAN MUNICIPAL,7.58,-1.93,1.0,2.76,2.76
2021-08-15,2021,8,15,CENTRAL,Cape Coast,CAPE COAST METRO,5.11,-1.24,1.0,15.28,15.28
2021-08-15,2021,8,15,CENTRAL,Mankessim,MFANTSIMAN,5.27,-1.02,1.0,5.29,5.29
2021-08-15,2021,8,15,GREATER ACCRA,Accra,ACCRA METROPOLIS,5.55,-0.22,1.0,3.32,3.32
2021-08-15,2021,8,15,GREATER ACCRA,Tema,TEMA METROPOLIS,5.62,-0.02,1.0,13.22,13.22
2021-08-15,2021,8,15,NORTHERN,Tamale,TAMALE NORTH SUB METRO,9.4,-0.83,16.0,117.65,7.35
2021-08-15,2021,8,15,NORTHERN,Tamale,TAMALE NORTH SUB METRO,9.4,-0.83,1.0,3.02,3.02
2021-08-15,2021,8,15,VOLTA,Ho,HO MUNICIPAL,6.6,0.47,1.0,5.83,5.83
2021-08-15,2021,8,15,WESTERN,Sekondi/Takoradi,SEKONDI TAKORADI,4.93,-1.7,1.0,4.71,4.71
2021-09-15,2021,9,15,ASHANTI,Kumasi,KMA,6.68,-1.62,1.0,2.78,2.78
2021-09-15,2021,9,15,ASHANTI,Obuasi,OBUASI MUNICIPAL,6.2,-1.67,1.0,5.53,5.53
2021-09-15,2021,9,15,BRONG AHAFO,Kintampo,KINTAMPO NORTH,8.06,-1.73,1.0,5.21,5.21
2021-09-15,2021,9,15,BRONG AHAFO,Sunyani,SUNYANI MUNICIPAL,7.33,-2.33,1.0,3.48,3.48
2021-09-15,2021,9,15,BRONG AHAFO,Techiman,TECHIMAN MUNICIPAL,7.58,-1.93,1.0,2.96,2.96
2021-09-15,2021,9,15,CENTRAL,Mankessim,MFANTSIMAN,5.27,-1.02,1.0,6.82,6.82
2021-09-15,2021,9,15,GREATER ACCRA,Accra,ACCRA METROPOLIS,5.55,-0.22,1.0,3.41,3.41
2021-09-15,2021,9,15,NORTHERN,Tamale,TAMALE NORTH SUB METRO,9.4,-0.83,16.0,117.65,7.35
2021-09-15,2021,9,15,NORTHERN,Tamale,TAMALE NORTH SUB METRO,9.4,-0.83,1.0,3.02,3.02
2021-09-15,2021,9,15,UPPER EAST,Bolga,BOLGATANGA MUNICIPAL,10.79,-0.85,1.0,2.38,2.38
2021-09-15,2021,9,15,VOLTA,Ho,HO MUNICIPAL,6.6,0.47,1.0,5.44,5.44
2021-09-15,2021,9,15,WESTERN,Sekondi/Takoradi,SEKONDI TAKORADI,4.93,-1.7,1.0,8.9,8.9
2021-10-15,2021,10,15,ASHANTI,Kumasi,KMA,6.68,-1.62,1.0,2.78,2.78
2021-10-15,2021,10,15,ASHANTI,Obuasi,OBUASI MUNICIPAL,6.2,-1.67,1.0,5.53,5.53
2021-10-15,2021,10,15,BRONG AHAFO,Sunyani,SUNYANI MUNICIPAL,7.33,-2.33,1.0,2.84,2.84
2021-10-15,2021,10,15,CENTRAL,Cape Coast,CAPE COAST METRO,5.11,-1.24,1.0,11.67,11.67
2021-10-15,2021,10,15,CENTRAL,Mankessim,MFANTSIMAN,5.27,-1.02,1.0,6.92,6.92
2021-10-15,2021,10,15,GREATER ACCRA,Accra,ACCRA METROPOLIS,5.55,-0.22,1.0,3.75,3.75
2021-10-15,2021,10,15,NORTHERN,Tamale,TAMALE NORTH SUB METRO,9.4,-0.83,16.0,117.65,7.35
2021-10-15,2021,10,15,NORTHERN,Tamale,TAMALE NORTH SUB METRO,9.4,-0.83,1.0,3.02,3.02
2021-10-15,2021,10,15,UPPER EAST,Bolga,BOLGATANGA MUNICIPAL,10.79,-0.85,1.0,2.38,2.38
2021-10-15,2021,10,15,VOLTA,Ho,HO MUNICIPAL,6.6,0.47,1.0,5.58,5.58
2021-10-15,2021,10,15,WESTERN,Sekondi/Takoradi,SEKONDI TAKORADI,4.93,-1.7,1.0,5.58,5.58
2021-11-15,2021,11,15,ASHANTI,Obuasi,OBUASI MUNICIPAL,6.2,-1.67,1.0,5.53,5.53
2021-11-15,2021,11,15,BRONG AHAFO,Sunyani,SUNYANI MUNICIPAL,7.33,-2.33,1.0,2.84,2.84
2021-11-15,2021,11,15,CENTRAL,Cape Coast,CAPE COAST METRO,5.11,-1.24,1.0,7.94,7.94
2021-11-15,2021,11,15,CENTRAL,Mankessim,MFANTSIMAN,5.27,-1.02,1.0,6.92,6.92
2021-11-15,2021,11,15,GREATER ACCRA,Accra,ACCRA METROPOLIS,5.55,-0.22,1.0,3.75,3.75
2021-11-15,2021,11,15,GREATER ACCRA,Tema,TEMA METROPOLIS,5.62,-0.02,1.0,10.37,10.37
2021-11-15,2021,11,15,NORTHERN,Tamale,TAMALE NORTH SUB METRO,9.4,-0.83,16.0,117.65,7.35
2021-11-15,2021,11,15,NORTHERN,Tamale,TAMALE NORTH SUB METRO,9.4,-0.83,1.0,3.02,3.02
2021-11-15,2021,11,15,UPPER EAST,Bolga,BOLGATANGA MUNICIPAL,10.79,-0.85,1.0,2.38,2.38
2021-11-15,2021,11,15,VOLTA,Ho,HO MUNICIPAL,6.6,0.47,1.0,5.69,5.69
2021-11-15,2021,11,15,WESTERN,Sekondi/Takoradi,SEKONDI TAKORADI,4.93,-1.7,1.0,5.52,5.52
2021-12-15,2021,12,15,ASHANTI,Kumasi,KMA,6.68,-1.62,1.0,6.46,6.46
2021-12-15,2021,12,15,ASHANTI,Obuasi,OBUASI MUNICIPAL,6.2,-1.67,1.0,5.53,5.53
2021-12-15,2021,12,15,CENTRAL,Cape Coast,CAPE COAST METRO,5.11,-1.24,1.0,7.94,7.94
2021-12-15,2021,12,15,CENTRAL,Mankessim,MFANTSIMAN,5.27,-1.02,1.0,6.92,6.92
2021-12-15,2021,12,15,GREATER ACCRA,Accra,ACCRA METROPOLIS,5.55,-0.22,1.0,4.42,4.42
2021-12-15,2021,12,15,GREATER ACCRA,Tema,TEMA METROPOLIS,5.62,-0.02,1.0,6.67,6.67
2021-12-15,2021,12,15,NORTHERN,Tamale,TAMALE NORTH SUB METRO,9.4,-0.83,16.0,117.65,7.35
2021-12-15,2021,12,15,NORTHERN,Tamale,TAMALE NORTH SUB METRO,9.4,-0.83,1.0,3.02,3.02
2021-12-15,2021,12,15,UPPER EAST,Bolga,BOLGATANGA MUNICIPAL,10.79,-0.85,1.0,2.38,2.38
2021-12-15,2021,12,15,VOLTA,Ho,HO MUNICIPAL,6.6,0.47,1.0,5.72,5.72
2021-12-15,2021,12,15,WESTERN,Sekondi/Takoradi,SEKONDI TAKORADI,4.93,-1.7,1.0,3.77,3.77
2022-01-15,2022,1,15,ASHANTI,Kumasi,KMA,6.68,-1.62,1.0,6.46,6.46
2022-01-15,2022,1,15,ASHANTI,Obuasi,OBUASI MUNICIPAL,6.2,-1.67,1.0,5.53,5.53
2022-01-15,2022,1,15,BRONG AHAFO,Sunyani,SUNYANI MUNICIPAL,7.33,-2.33,1.0,8.93,8.93
2022-01-15,2022,1,15,CENTRAL,Cape Coast,CAPE COAST METRO,5.11,-1.24,1.0,12.22,12.22
2022-01-15,2022,1,15,CENTRAL,Mankessim,MFANTSIMAN,5.27,-1.02,1.0,4.12,4.12
2022-01-15,2022,1,15,GREATER ACCRA,Accra,ACCRA METROPOLIS,5.55,-0.22,1.0,4.42,4.42
2022-01-15,2022,1,15,GREATER ACCRA,Tema,TEMA METROPOLIS,5.62,-0.02,1.0,10.95,10.95
2022-01-15,2022,1,15,NORTHERN,Tamale,TAMALE NORTH SUB METRO,9.4,-0.83,16.0,117.65,7.35
2022-01-15,2022,1,15,NORTHERN,Tamale,TAMALE NORTH SUB METRO,9.4,-0.83,1.0,3.02,3.02
2022-01-15,2022,1,15,UPPER EAST,Bolga,BOLGATANGA MUNICIPAL,10.79,-0.85,1.0,2.38,2.38
2022-01-15,2022,1,15,VOLTA,Ho,HO MUNICIPAL,6.6,0.47,1.0,5.86,5.86
2022-01-15,2022,1,15,WESTERN,Sekondi/Takoradi,SEKONDI TAKORADI,4.93,-1.7,1.0,6.02,6.02
2022-02-15,2022,2,15,ASHANTI,Kumasi,KMA,6.68,-1.62,1.0,6.09,6.09
2022-02-15,2022,2,15,GREATER ACCRA,Tema,TEMA METROPOLIS,5.62,-0.02,1.0,8.83,8.83
2022-02-15,2022,2,15,NORTHERN,Tamale,TAMALE NORTH SUB METRO,9.4,-0.83,16.0,117.65,7.35
2022-02-15,2022,2,15,NORTHERN,Tamale,TAMALE NORTH SUB METRO,9.4,-0.83,1.0,4.17,4.17
2022-03-15,2022,3,15,ASHANTI,Kumasi,KMA,6.68,-1.62,16.0,184.05,11.5
2022-03-15,2022,3,15,ASHANTI,Kumasi,KMA,6.68,-1.62,1.0,6.46,6.46
2022-03-15,2022,3,15,ASHANTI,Obuasi,OBUASI MUNICIPAL,6.2,-1.67,1.0,5.53,5.53
2022-03-15,2022,3,15,BRONG AHAFO,Sunyani,SUNYANI MUNICIPAL,7.33,-2.33,1.0,1.89,1.89
2022-03-15,2022,3,15,BRONG AHAFO,Techiman,TECHIMAN MUNICIPAL,7.58,-1.93,16.0,107.6,6.72
2022-03-15,2022,3,15,CENTRAL,Cape Coast,CAPE COAST METRO,5.11,-1.24,1.0,33.33,33.33
2022-03-15,2022,3,15,CENTRAL,Mankessim,MFANTSIMAN,5.27,-1.02,1.0,6.92,6.92
2022-03-15,2022,3,15,GREATER ACCRA,Accra,ACCRA METROPOLIS,5.55,-0.22,1.0,3.6,3.6
2022-03-15,2022,3,15,GREATER ACCRA,Tema,TEMA METROPOLIS,5.62,-0.02,1.0,10.48,10.48
2022-03-15,2022,3,15,NORTHERN,Tamale,TAMALE NORTH SUB METRO,9.4,-0.83,16.0,117.65,7.35
2022-03-15,2022,3,15,NORTHERN,Tamale,TAMALE NORTH SUB METRO,9.4,-0.83,1.0,7.54,7.54
2022-03-15,2022,3,15,VOLTA,Ho,HO MUNICIPAL,6.6,0.47,1.0,5.72,5.72
2022-03-15,2022,3,15,WESTERN,Sekondi/Takoradi,SEKONDI TAKORADI,4.93,-1.7,1.0,7.36,7.36
2022-04-15,2022,4,15,ASHANTI,Kumasi,KMA,6.68,-1.62,16.0,193.56,12.1
2022-04-15,2022,4,15,ASHANTI,Kumasi,KMA,6.68,-1.62,1.0,6.46,6.46
2022-04-15,2022,4,15,ASHANTI,Obuasi,OBUASI MUNICIPAL,6.2,-1.67,1.0,5.53,5.53
2022-04-15,2022,4,15,BRONG AHAFO,Sunyani,SUNYANI MUNICIPAL,7.33,-2.33,1.0,4.1,4.1
2022-04-15,2022,4,15,BRONG AHAFO,Techiman,TECHIMAN MUNICIPAL,7.58,-1.93,16.0,80.0,5.0
2022-04-15,2022,4,15,BRONG AHAFO,Techiman,TECHIMAN MUNICIPAL,7.58,-1.93,1.0,7.83,7.83
2022-04-15,2022,4,15,CENTRAL,Mankessim,MFANTSIMAN,5.27,-1.02,1.0,7.98,7.98
2022-04-15,2022,4,15,GREATER ACCRA,Accra,ACCRA METROPOLIS,5.55,-0.22,1.0,4.74,4.74
2022-04-15,2022,4,15,GREATER ACCRA,Tema,TEMA METROPOLIS,5.62,-0.02,1.0,13.69,13.69
2022-04-15,2022,4,15,NORTHERN,Tamale,TAMALE NORTH SUB METRO,9.4,-0.83,16.0,117.65,7.35
2022-04-15,2022,4,15,NORTHERN,Tamale,TAMALE NORTH SUB METRO,9.4,-0.83,1.0,7.54,7.54
2022-04-15,2022,4,15,UPPER EAST,Bolga,BOLGATANGA MUNICIPAL,10.79,-0.85,1.0,2.38,2.38
2022-04-15,2022,4,15,VOLTA,Ho,HO MUNICIPAL,6.6,0.47,1.0,5.97,5.97
2022-04-15,2022,4,15,VOLTA,Hohoe,HOHOE MUNICIPAL,7.15,0.47,16.0,200.0,12.5
2022-04-15,2022,4,15,WESTERN,Sekondi/Takoradi,SEKONDI TAKORADI,4.93,-1.7,1.0,7.89,7.89
2022-05-15,2022,5,15,ASHANTI,Kumasi,KMA,6.68,-1.62,16.0,187.51,11.72
2022-05-15,2022,5,15,ASHANTI,Kumasi,KMA,6.68,-1.62,1.0,6.46,6.46
2022-05-15,2022,5,15,ASHANTI,Obuasi,OBUASI MUNICIPAL,6.2,-1.67,1.0,8.84,8.84
2022-05-15,2022,5,15,BRONG AHAFO,Sunyani,SUNYANI MUNICIPAL,7.33,-2.33,1.0,3.25,3.25
2022-05-15,2022,5,15,BRONG AHAFO,Techiman,TECHIMAN MUNICIPAL,7.58,-1.93,16.0,103.0,6.44
2022-05-15,2022,5,15,BRONG AHAFO,Techiman,TECHIMAN MUNICIPAL,7.58,-1.93,1.0,3.53,3.53
2022-05-15,2022,5,15,CENTRAL,Cape Coast,CAPE COAST METRO,5.11,-1.24,1.0,7.94,7.94
2022-05-15,2022,5,15,CENTRAL,Mankessim,MFANTSIMAN,5.27,-1.02,1.0,5.77,5.77
2022-05-15,2022,5,15,GREATER ACCRA,Accra,ACCRA METROPOLIS,5.55,-0.22,1.0,5.14,5.14
2022-05-15,2022,5,15,GREATER ACCRA,Tema,TEMA METROPOLIS,5.62,-0.02,1.0,16.43,16.43
2022-05-15,2022,5,15,NORTHERN,Tamale,TAMALE NORTH SUB METRO,9.4,-0.83,16.0,117.65,7.35
2022-05-15,2022,5,15,NORTHERN,Tamale,TAMALE NORTH SUB METRO,9.4,-0.83,1.0,7.54,7.54
2022-05-15,2022,5,15,WESTERN,Sekondi/Takoradi,SEKONDI TAKORADI,4.93,-1.7,1.0,8.63,8.63
2022-06-15,2022,6,15,ASHANTI,Kumasi,KMA,6.68,-1.62,16.0,185.19,11.57
2022-06-15,2022,6,15,ASHANTI,Kumasi,KMA,6.68,-1.62,1.0,6.46,6.46
2022-06-15,2022,6,15,ASHANTI,Obuasi,OBUASI MUNICIPAL,6.2,-1.67,1.0,6.94,6.94
2022-06-15,2022,6,15,BRONG AHAFO,Kintampo,KINTAMPO NORTH,8.06,-1.73,1.0,2.58,2.58
2022-06-15,2022,6,15,BRONG AHAFO,Sunyani,SUNYANI MUNICIPAL,7.33,-2.33,1.0,3.25,3.25
2022-06-15,2022,6,15,BRONG AHAFO,Techiman,TECHIMAN MUNICIPAL,7.58,-1.93,16.0,106.19,6.64
2022-06-15,2022,6,15,BRONG AHAFO,Techiman,TECHIMAN MUNICIPAL,7.58,-1.93,1.0,4.14,4.14
2022-06-15,2022,6,15,CENTRAL,Cape Coast,CAPE COAST METRO,5.11,-1.24,1.0,8.33,8.33
2022-06-15,2022,6,15,CENTRAL,Mankessim,MFANTSIMAN,5.27,-1.02,1.0,2.79,2.79
2022-06-15,2022,6,15,GREATER ACCRA,Accra,ACCRA METROPOLIS,5.55,-0.22,1.0,5.52,5.52
2022-06-15,2022,6,15,GREATER ACCRA,Tema,TEMA METROPOLIS,5.62,-0.02,1.0,9.58,9.58
2022-06-15,2022,6,15,NORTHERN,Tamale,TAMALE NORTH SUB METRO,9.4,-0.83,16.0,117.65,7.35
2022-06-15,2022,6,15,NORTHERN,Tamale,TAMALE NORTH SUB METRO,9.4,-0.83,1.0,7.54,7.54
2022-06-15,2022,6,15,VOLTA,Ho,HO MUNICIPAL,6.6,0.47,1.0,5.83,5.83
2022-06-15,2022,6,15,WESTERN,Sekondi/Takoradi,SEKONDI TAKORADI,4.93,-1.7,1.0,8.63,8.63
2022-07-15,2022,7,15,ASHANTI,Kumasi,KMA,6.68,-1.62,16.0,185.19,11.57
2022-07-15,2022,7,15,ASHANTI,Kumasi,KMA,6.68,-1.62,1.0,6.46,6.46
2022-07-15,2022,7,15,BRONG AHAFO,Kintampo,KINTAMPO NORTH,8.06,-1.73,1.0,2.58,2.58
2022-07-15,2022,7,15,BRONG AHAFO,Sunyani,SUNYANI MUNICIPAL,7.33,-2.33,1.0,7.58,7.58
2022-07-15,2022,7,15,BRONG AHAFO,Techiman,TECHIMAN MUNICIPAL,7.58,-1.93,1.0,2.6,2.6
2022-07-15,2022,7,15,CENTRAL,Cape Coast,CAPE COAST METRO,5.11,-1.24,1.0,5.24,5.24
2022-07-15,2022,7,15,CENTRAL,Mankessim,MFANTSIMAN,5.27,-1.02,1.0,3.64,3.64
2022-07-15,2022,7,15,GREATER ACCRA,Accra,ACCRA METROPOLIS,5.55,-0.22,1.0,5.52,5.52
2022-07-15,2022,7,15,GREATER ACCRA,Tema,TEMA METROPOLIS,5.62,-0.02,1.0,5.24,5.24
2022-07-15,2022,7,15,NORTHERN,Tamale,TAMALE NORTH SUB METRO,9.4,-0.83,16.0,117.65,7.35
2022-07-15,2022,7,15,NORTHERN,Tamale,TAMALE NORTH SUB METRO,9.4,-0.83,1.0,7.54,7.54
2022-07-15,2022,7,15,VOLTA,Ho,HO MUNICIPAL,6.6,0.47,1.0,3.98,3.98
2022-07-15,2022,7,15,VOLTA,Hohoe,HOHOE MUNICIPAL,7.15,0.47,16.0,232.31,14.52
2022-07-15,2022,7,15,VOLTA,Hohoe,HOHOE MUNICIPAL,7.15,0.47,1.0,14.73,14.73
2022-07-15,2022,7,15,WESTERN,Sekondi/Takoradi,SEKONDI TAKORADI,4.93,-1.7,1.0,7.95,7.95
2022-08-15,2022,8,15,ASHANTI,Obuasi,OBUASI MUNICIPAL,6.2,-1.67,1.0,6.58,6.58
2022-08-15,2022,8,15,BRONG AHAFO,Sunyani,SUNYANI MUNICIPAL,7.33,-2.33,1.0,3.48,3.48
2022-08-15,2022,8,15,BRONG AHAFO,Techiman,TECHIMAN MUNICIPAL,7.58,-1.93,1.0,2.83,2.83
2022-08-15,2022,8,15,CENTRAL,Cape Coast,CAPE COAST METRO,5.11,-1.24,1.0,3.97,3.97
2022-08-15,2022,8,15,CENTRAL,Mankessim,MFANTSIMAN,5.27,-1.02,1.0,3.85,3.85
2022-08-15,2022,8,15,GREATER ACCRA,Accra,ACCRA METROPOLIS,5.55,-0.22,1.0,5.8,5.8
2022-08-15,2022,8,15,GREATER ACCRA,Tema,TEMA METROPOLIS,5.62,-0.02,1.0,5.48,5.48
2022-08-15,2022,8,15,NORTHERN,Tamale,TAMALE NORTH SUB METRO,9.4,-0.83,16.0,117.65,7.35
2022-08-15,2022,8,15,NORTHERN,Tamale,TAMALE NORTH SUB METRO,9.4,-0.83,1.0,7.54,7.54
2022-08-15,2022,8,15,UPPER EAST,Bolga,BOLGATANGA MUNICIPAL,10.79,-0.85,1.0,2.34,2.34
2022-08-15,2022,8,15,UPPER EAST,Garu,GARU TEMPANE,10.85,-0.18,1.0,10.63,10.63
2022-08-15,2022,8,15,VOLTA,Ho,HO MUNICIPAL,6.6,0.47,1.0,4.1,4.1
2022-08-15,2022,8,15,VOLTA,Hohoe,HOHOE MUNICIPAL,7.15,0.47,16.0,232.31,14.52
2022-08-15,2022,8,15,VOLTA,Hohoe,HOHOE MUNICIPAL,7.15,0.47,1.0,14.73,14.73
2022-08-15,2022,8,15,WESTERN,Sekondi/Takoradi,SEKONDI TAKORADI,4.93,-1.7,1.0,5.78,5.78
2022-09-15,2022,9,15,ASHANTI,Obuasi,OBUASI MUNICIPAL,6.2,-1.67,1.0,6.58,6.58
2022-09-15,2022,9,15,BRONG AHAFO,Sunyani,SUNYANI MUNICIPAL,7.33,-2.33,1.0,7.58,7.58
2022-09-15,2022,9,15,BRONG AHAFO,Techiman,TECHIMAN MUNICIPAL,7.58,-1.93,1.0,6.72,6.72
2022-09-15,2022,9,15,CENTRAL,Cape Coast,CAPE COAST METRO,5.11,-1.24,1.0,16.33,16.33
2022-09-15,2022,9,15,CENTRAL,Mankessim,MFANTSIMAN,5.27,-1.02,1.0,3.95,3.95
2022-09-15,2022,9,15,GREATER ACCRA,Accra,ACCRA METROPOLIS,5.55,-0.22,1.0,5.8,5.8
2022-09-15,2022,9,15,GREATER ACCRA,Tema,TEMA METROPOLIS,5.62,-0.02,1.0,12.32,12.32
2022-09-15,2022,9,15,VOLTA,Ho,HO MUNICIPAL,6.6,0.47,1.0,5.58,5.58
2022-09-15,2022,9,15,VOLTA,Hohoe,HOHOE MUNICIPAL,7.15,0.47,16.0,232.31,14.52
2022-09-15,2022,9,15,VOLTA,Hohoe,HOHOE MUNICIPAL,7.15,0.47,1.0,14.73,14.73
2022-09-15,2022,9,15,WESTERN,Sekondi/Takoradi,SEKONDI TAKORADI,4.93,-1.7,1.0,5.76,5.76
2022-10-15,2022,10,15,ASHANTI,Kumasi,KMA,6.68,-1.62,1.0,3.89,3.89
2022-10-15,2022,10,15,ASHANTI,Obuasi,OBUASI MUNICIPAL,6.2,-1.67,1.0,4.11,4.11
2022-10-15,2022,10,15,BRONG AHAFO,Kintampo,KINTAMPO NORTH,8.06,-1.73,1.0,2.62,2.62
2022-10-15,2022,10,15,BRONG AHAFO,Sunyani,SUNYANI MUNICIPAL,7.33,-2.33,1.0,3.91,3.91
2022-10-15,2022,10,15,BRONG AHAFO,Techiman,TECHIMAN MUNICIPAL,7.58,-1.93,1.0,3.23,3.23
2022-10-15,2022,10,15,CENTRAL,Cape Coast,CAPE COAST METRO,5.11,-1.24,1.0,3.73,3.73
2022-10-15,2022,10,15,CENTRAL,Mankessim,MFANTSIMAN,5.27,-1.02,1.0,3.08,3.08
2022-10-15,2022,10,15,GREATER ACCRA,Accra,ACCRA METROPOLIS,5.55,-0.22,1.0,2.4,2.4
2022-10-15,2022,10,15,NORTHERN,Tamale,TAMALE NORTH SUB METRO,9.4,-0.83,16.0,400.0,25.0
2022-10-15,2022,10,15,NORTHERN,Tamale,TAMALE NORTH SUB METRO,9.4,-0.83,1.0,6.01,6.01
2022-10-15,2022,10,15,UPPER EAST,Bolga,BOLGATANGA MUNICIPAL,10.79,-0.85,1.0,4.35,4.35
2022-10-15,2022,10,15,UPPER EAST,Garu,GARU TEMPANE,10.85,-0.18,1.0,7.07,7.07
2022-10-15,2022,10,15,UPPER WEST,Wa,WA MUNICIPAL,10.05,-2.48,1.0,4.06,4.06
2022-10-15,2022,10,15,VOLTA,Ho,HO MUNICIPAL,6.6,0.47,1.0,4.04,4.04
2022-10-15,2022,10,15,VOLTA,Hohoe,HOHOE MUNICIPAL,7.15,0.47,16.0,232.31,14.52
2022-10-15,2022,10,15,VOLTA,Hohoe,HOHOE MUNICIPAL,7.15,0.47,1.0,4.27,4.27
2022-10-15,2022,10,15,VOLTA,Nkwanta,NKWANTA SOUTH,8.26,0.52,1.0,3.07,3.07
2022-11-15,2022,11,15,ASHANTI,Obuasi,OBUASI MUNICIPAL,6.2,-1.67,1.0,6.58,6.58
2022-11-15,2022,11,15,CENTRAL,Cape Coast,CAPE COAST METRO,5.11,-1.24,1.0,17.78,17.78
2022-11-15,2022,11,15,CENTRAL,Mankessim,MFANTSIMAN,5.27,-1.02,1.0,4.88,4.88
2022-11-15,2022,11,15,GREATER ACCRA,Accra,ACCRA METROPOLIS,5.55,-0.22,1.0,5.8,5.8
2022-11-15,2022,11,15,NORTHERN,Tamale,TAMALE NORTH SUB METRO,9.4,-0.83,16.0,400.0,25.0
2022-11-15,2022,11,15,NORTHERN,Tamale,TAMALE NORTH SUB METRO,9.4,-0.83,1.0,7.54,7.54
2022-11-15,2022,11,15,VOLTA,Hohoe,HOHOE MUNICIPAL,7.15,0.47,16.0,232.31,14.52
2022-11-15,2022,11,15,VOLTA,Hohoe,HOHOE MUNICIPAL,7.15,0.47,1.0,14.73,14.73
2022-11-15,2022,11,15,WESTERN,Sekondi/Takoradi,SEKONDI TAKORADI,4.93,-1.7,1.0,26.0,26.0
2022-12-15,2022,12,15,ASHANTI,Obuasi,OBUASI MUNICIPAL,6.2,-1.67,1.0,6.58,6.58
2022-12-15,2022,12,15,CENTRAL,Cape Coast,CAPE COAST METRO,5.11,-1.24,1.0,13.89,13.89
2022-12-15,2022,12,15,CENTRAL,Mankessim,MFANTSIMAN,5.27,-1.02,1.0,5.13,5.13
2022-12-15,2022,12,15,VOLTA,Hohoe,HOHOE MUNICIPAL,7.15,0.47,16.0,232.31,14.52
2022-12-15,2022,12,15,VOLTA,Hohoe,HOHOE MUNICIPAL,7.15,0.47,1.0,14.73,14.73
2022-12-15,2022,12,15,WESTERN,Sekondi/Takoradi,SEKONDI TAKORADI,4.93,-1.7,1.0,22.44,22.44
2023-01-15,2023,1,15,ASHANTI,Obuasi,OBUASI MUNICIPAL,6.2,-1.67,1.0,9.61,9.61
2023-01-15,2023,1,15,CENTRAL,Cape Coast,CAPE COAST METRO,5.11,-1.24,1.0,10.56,10.56
2023-01-15,2023,1,15,CENTRAL,Mankessim,MFANTSIMAN,5.27,-1.02,1.0,6.01,6.01
2023-01-15,2023,1,15,GREATER ACCRA,Accra,ACCRA METROPOLIS,5.55,-0.22,1.0,5.8,5.8
2023-01-15,2023,1,15,GREATER ACCRA,Tema,TEMA METROPOLIS,5.62,-0.02,1.0,27.38,27.38
2023-01-15,2023,1,15,NORTHERN,Tamale,TAMALE NORTH SUB METRO,9.4,-0.83,16.0,400.0,25.0
2023-01-15,2023,1,15,NORTHERN,Tamale,TAMALE NORTH SUB METRO,9.4,-0.83,1.0,9.72,9.72
2023-01-15,2023,1,15,VOLTA,Hohoe,HOHOE MUNICIPAL,7.15,0.47,16.0,232.31,14.52
2023-01-15,2023,1,15,VOLTA,Hohoe,HOHOE MUNICIPAL,7.15,0.47,1.0,14.73,14.73
2023-01-15,2023,1,15,WESTERN,Sekondi/Takoradi,SEKONDI TAKORADI,4.93,-1.7,1.0,10.4,10.4
2023-02-15,2023,2,15,ASHANTI,Kumasi,KMA,6.68,-1.62,16.0,633.65,39.6
2023-02-15,2023,2,15,ASHANTI,Kumasi,KMA,6.68,-1.62,1.0,2.03,2.03
2023-02-15,2023,2,15,ASHANTI,Obuasi,OBUASI MUNICIPAL,6.2,-1.67,1.0,5.62,5.62
2023-02-15,2023,2,15,BRONG AHAFO,Sunyani,SUNYANI MUNICIPAL,7.33,-2.33,1.0,1.81,1.81
2023-02-15,2023,2,15,BRONG AHAFO,Techiman,TECHIMAN MUNICIPAL,7.58,-1.93,16.0,465.56,29.1
2023-02-15,2023,2,15,BRONG AHAFO,Techiman,TECHIMAN MUNICIPAL,7.58,-1.93,1.0,2.7,2.7
2023-02-15,2023,2,15,CENTRAL,Cape Coast,CAPE COAST METRO,5.11,-1.24,1.0,6.26,6.26
2023-02-15,2023,2,15,CENTRAL,Mankessim,MFANTSIMAN,5.27,-1.02,1.0,3.88,3.88
2023-02-15,2023,2,15,EASTERN,Koforidua,NEW JUABEN MUNICIPAL,6.08,-0.25,16.0,452.5,28.28
2023-02-15,2023,2,15,EASTERN,Koforidua,NEW JUABEN MUNICIPAL,6.08,-0.25,1.0,16.3,16.3
2023-02-15,2023,2,15,GREATER ACCRA,Accra,ACCRA METROPOLIS,5.55,-0.22,16.0,156.6,9.79
2023-02-15,2023,2,15,GREATER ACCRA,Accra,ACCRA METROPOLIS,5.55,-0.22,1.0,7.68,7.68
2023-02-15,2023,2,15,GREATER ACCRA,Tema,TEMA METROPOLIS,5.62,-0.02,16.0,1107.14,69.2
2023-02-15,2023,2,15,GREATER ACCRA,Tema,TEMA METROPOLIS,5.62,-0.02,1.0,16.52,16.52
2023-02-15,2023,2,15,NORTHERN,Tamale,TAMALE NORTH SUB METRO,9.4,-0.83,16.0,400.0,25.0
2023-02-15,2023,2,15,NORTHERN,Tamale,TAMALE NORTH SUB METRO,9.4,-0.83,1.0,6.75,6.75
2023-02-15,2023,2,15,UPPER WEST,Wa,WA MUNICIPAL,10.05,-2.48,1.0,2.5,2.5
2023-02-15,2023,2,15,VOLTA,Ho,HO MUNICIPAL,6.6,0.47,1.0,4.44,4.44
2023-02-15,2023,2,15,VOLTA,Hohoe,HOHOE MUNICIPAL,7.15,0.47,16.0,480.02,30.0
2023-02-15,2023,2,15,VOLTA,Hohoe,HOHOE MUNICIPAL,7.15,0.47,1.0,12.69,12.69
2023-02-15,2023,2,15,VOLTA,Nkwanta,NKWANTA SOUTH,8.26,0.52,1.0,7.38,7.38
2023-02-15,2023,2,15,WESTERN,Sekondi/Takoradi,SEKONDI TAKORADI,4.93,-1.7,16.0,497.92,31.12
2023-02-15,2023,2,15,WESTERN,Sekondi/Takoradi,SEKONDI TAKORADI,4.93,-1.7,1.0,7.74,7.74
2023-03-15,2023,3,15,ASHANTI,Obuasi,OBUASI MUNICIPAL,6.2,-1.67,1.0,9.61,9.61
2023-03-15,2023,3,15,CENTRAL,Cape Coast,CAPE COAST METRO,5.11,-1.24,1.0,18.89,18.89
2023-03-15,2023,3,15,CENTRAL,Mankessim,MFANTSIMAN,5.27,-1.02,1.0,5.58,5.58
2023-03-15,2023,3,15,GREATER ACCRA,Accra,ACCRA METROPOLIS,5.55,-0.22,1.0,5.8,5.8
2023-03-15,2023,3,15,GREATER ACCRA,Tema,TEMA METROPOLIS,5.62,-0.02,1.0,27.38,27.38
2023-03-15,2023,3,15,NORTHERN,Tamale,TAMALE NORTH SUB METRO,9.4,-0.83,16.0,400.0,25.0
2023-03-15,2023,3,15,NORTHERN,Tamale,TAMALE NORTH SUB METRO,9.4,-0.83,1.0,17.54,17.54
2023-03-15,2023,3,15,VOLTA,Hohoe,HOHOE MUNICIPAL,7.15,0.47,16.0,242.31,15.14
2023-03-15,2023,3,15,VOLTA,Hohoe,HOHOE MUNICIPAL,7.15,0.47,1.0,20.0,20.0
2023-03-15,2023,3,15,WESTERN,Sekondi/Takoradi,SEKONDI TAKORADI,4.93,-1.7,1.0,8.36,8.36
2023-04-15,2023,4,15,ASHANTI,Ejura,EJURA SEKYE DUMASE,7.38,-1.37,1.0,2.37,2.37
2023-04-15,2023,4,15,ASHANTI,Kumasi,KMA,6.68,-1.62,16.0,604.09,37.76
2023-04-15,2023,4,15,ASHANTI,Kumasi,KMA,6.68,-1.62,1.0,2.03,2.03
2023-04-15,2023,4,15,ASHANTI,Obuasi,OBUASI MUNICIPAL,6.2,-1.67,1.0,1.63,1.63
2023-04-15,2023,4,15,BRONG AHAFO,Sunyani,SUNYANI MUNICIPAL,7.33,-2.33,1.0,2.09,2.09
2023-04-15,2023,4,15,BRONG AHAFO,Techiman,TECHIMAN MUNICIPAL,7.58,-1.93,16.0,536.82,33.55
2023-04-15,2023,4,15,BRONG AHAFO,Techiman,TECHIMAN MUNICIPAL,7.58,-1.93,1.0,1.08,1.08
2023-04-15,2023,4,15,CENTRAL,Cape Coast,CAPE COAST METRO,5.11,-1.24,1.0,4.75,4.75
2023-04-15,2023,4,15,CENTRAL,Mankessim,MFANTSIMAN,5.27,-1.02,1.0,3.45,3.45
2023-04-15,2023,4,15,EASTERN,Koforidua,NEW JUABEN MUNICIPAL,6.08,-0.25,16.0,590.81,36.93
2023-04-15,2023,4,15,EASTERN,Koforidua,NEW JUABEN MUNICIPAL,6.08,-0.25,1.0,3.28,3.28
2023-04-15,2023,4,15,GREATER ACCRA,Accra,ACCRA METROPOLIS,5.55,-0.22,16.0,156.6,9.79
2023-04-15,2023,4,15,GREATER ACCRA,Accra,ACCRA METROPOLIS,5.55,-0.22,1.0,4.44,4.44
2023-04-15,2023,4,15,GREATER ACCRA,Tema,TEMA METROPOLIS,5.62,-0.02,16.0,1107.14,69.2
2023-04-15,2023,4,15,GREATER ACCRA,Tema,TEMA METROPOLIS,5.62,-0.02,1.0,5.66,5.66
2023-04-15,2023,4,15,NORTHERN,Tamale,TAMALE NORTH SUB METRO,9.4,-0.83,1.0,6.56,6.56
2023-04-15,2023,4,15,VOLTA,Ho,HO MUNICIPAL,6.6,0.47,1.0,4.84,4.84
2023-04-15,2023,4,15,VOLTA,Hohoe,HOHOE MUNICIPAL,7.15,0.47,16.0,375.0,23.44
2023-04-15,2023,4,15,VOLTA,Hohoe,HOHOE MUNICIPAL,7.15,0.47,1.0,10.64,10.64
2023-04-15,2023,4,15,VOLTA,Nkwanta,NKWANTA SOUTH,8.26,0.52,1.0,4.88,4.88
2023-04-15,2023,4,15,WESTERN,Sekondi/Takoradi,SEKONDI TAKORADI,4.93,-1.7,16.0,545.47,34.09
2023-04-15,2023,4,15,WESTERN,Sekondi/Takoradi,SEKONDI TAKORADI,4.93,-1.7,1.0,9.52,9.52
2023-05-15,2023,5,15,ASHANTI,Ejura,EJURA SEKYE DUMASE,7.38,-1.37,1.0,2.37,2.37
2023-05-15,2023,5,15,ASHANTI,Kumasi,KMA,6.68,-1.62,16.0,598.93,37.43
2023-05-15,2023,5,15,ASHANTI,Kumasi,KMA,6.68,-1.62,1.0,2.03,2.03
2023-05-15,2023,5,15,ASHANTI,Obuasi,OBUASI MUNICIPAL,6.2,-1.67,1.0,1.63,1.63
2023-05-15,2023,5,15,BRONG AHAFO,Kintampo,KINTAMPO NORTH,8.06,-1.73,1.0,1.31,1.31
2023-05-15,2023,5,15,BRONG AHAFO,Sunyani,SUNYANI MUNICIPAL,7.33,-2.33,1.0,1.59,1.59
2023-05-15,2023,5,15,BRONG AHAFO,Techiman,TECHIMAN MUNICIPAL,7.58,-1.93,16.0,447.61,27.98
2023-05-15,2023,5,15,BRONG AHAFO,Techiman,TECHIMAN MUNICIPAL,7.58,-1.93,1.0,1.0,1.0
2023-05-15,2023,5,15,CENTRAL,Cape Coast,CAPE COAST METRO,5.11,-1.24,1.0,3.31,3.31
2023-05-15,2023,5,15,CENTRAL,Mankessim,MFANTSIMAN,5.27,-1.02,1.0,1.85,1.85
2023-05-15,2023,5,15,EASTERN,Koforidua,NEW JUABEN MUNICIPAL,6.08,-0.25,16.0,105.0,6.56
2023-05-15,2023,5,15,GREATER ACCRA,Accra,ACCRA METROPOLIS,5.55,-0.22,16.0,156.6,9.79
2023-05-15,2023,5,15,GREATER ACCRA,Accra,ACCRA METROPOLIS,5.55,-0.22,1.0,9.57,9.57
2023-05-15,2023,5,15,GREATER ACCRA,Tema,TEMA METROPOLIS,5.62,-0.02,16.0,1107.14,69.2
2023-05-15,2023,5,15,GREATER ACCRA,Tema,TEMA METROPOLIS,5.62,-0.02,1.0,5.66,5.66
2023-05-15,2023,5,15,NORTHERN,Tamale,TAMALE NORTH SUB METRO,9.4,-0.83,1.0,5.0,5.0
2023-05-15,2023,5,15,VOLTA,Ho,HO MUNICIPAL,6.6,0.47,1.0,4.7,4.7
2023-05-15,2023,5,15,VOLTA,Hohoe,HOHOE MUNICIPAL,7.15,0.47,16.0,640.81,40.05
2023-05-15,2023,5,15,VOLTA,Hohoe,HOHOE MUNICIPAL,7.15,0.47,1.0,10.64,10.64
2023-05-15,2023,5,15,VOLTA,Nkwanta,NKWANTA SOUTH,8.26,0.52,1.0,5.33,5.33
2023-05-15,2023,5,15,WESTERN,Sekondi/Takoradi,SEKONDI TAKORADI,4.93,-1.7,16.0,489.22,30.58
2023-05-15,2023,5,15,WESTERN,Sekondi/Takoradi,SEKONDI TAKORADI,4.93,-1.7,1.0,10.25,10.25
2023-06-15,2023,6,15,ASHANTI,Ejura,EJURA SEKYE DUMASE,7.38,-1.37,1.0,2.37,2.37
2023-06-15,2023,6,15,ASHANTI,Kumasi,KMA,6.68,-1.62,16.0,615.17,38.45
2023-06-15,2023,6,15,ASHANTI,Kumasi,KMA,6.68,-1.62,1.0,2.03,2.03
2023-06-15,2023,6,15,ASHANTI,Obuasi,OBUASI MUNICIPAL,6.2,-1.67,1.0,1.63,1.63
2023-06-15,2023,6,15,BRONG AHAFO,Kintampo,KINTAMPO NORTH,8.06,-1.73,1.0,1.84,1.84
2023-06-15,2023,6,15,BRONG AHAFO,Techiman,TECHIMAN MUNICIPAL,7.58,-1.93,16.0,443.32,27.71
2023-06-15,2023,6,15,BRONG AHAFO,Techiman,TECHIMAN MUNICIPAL,7.58,-1.93,1.0,2.11,2.11
2023-06-15,2023,6,15,CENTRAL,Cape Coast,CAPE COAST METRO,5.11,-1.24,1.0,4.95,4.95
2023-06-15,2023,6,15,CENTRAL,Mankessim,MFANTSIMAN,5.27,-1.02,1.0,12.85,12.85
2023-06-15,2023,6,15,EASTERN,Koforidua,NEW JUABEN MUNICIPAL,6.08,-0.25,16.0,105.0,6.56
2023-06-15,2023,6,15,GREATER ACCRA,Accra,ACCRA METROPOLIS,5.55,-0.22,16.0,156.6,9.79
2023-06-15,2023,6,15,GREATER ACCRA,Accra,ACCRA METROPOLIS,5.55,-0.22,1.0,9.57,9.57
2023-06-15,2023,6,15,GREATER ACCRA,Tema,TEMA METROPOLIS,5.62,-0.02,16.0,1107.14,69.2
2023-06-15,2023,6,15,GREATER ACCRA,Tema,TEMA METROPOLIS,5.62,-0.02,1.0,5.66,5.66
2023-06-15,2023,6,15,UPPER WEST,Wa,WA MUNICIPAL,10.05,-2.48,1.0,2.5,2.5
2023-06-15,2023,6,15,VOLTA,Ho,HO MUNICIPAL,6.6,0.47,1.0,4.66,4.66
2023-06-15,2023,6,15,VOLTA,Hohoe,HOHOE MUNICIPAL,7.15,0.47,16.0,640.81,40.05
2023-06-15,2023,6,15,VOLTA,Hohoe,HOHOE MUNICIPAL,7.15,0.47,1.0,10.64,10.64
2023-06-15,2023,6,15,VOLTA,Nkwanta,NKWANTA SOUTH,8.26,0.52,1.0,6.39,6.39
2023-06-15,2023,6,15,WESTERN,Sekondi/Takoradi,SEKONDI TAKORADI,4.93,-1.7,16.0,474.73,29.67
2023-06-15,2023,6,15,WESTERN,Sekondi/Takoradi,SEKONDI TAKORADI,4.93,-1.7,1.0,10.62,10.62
2023-07-15,2023,7,15,ASHANTI,Ejura,EJURA SEKYE DUMASE,7.38,-1.37,1.0,2.37,2.37
2023-07-15,2023,7,15,ASHANTI,Kumasi,KMA,6.68,-1.62,16.0,336.81,21.05
2023-07-15,2023,7,15,ASHANTI,Kumasi,KMA,6.68,-1.62,1.0,2.03,2.03
2023-07-15,2023,7,15,ASHANTI,Obuasi,OBUASI MUNICIPAL,6.2,-1.67,1.0,1.63,1.63
2023-07-15,2023,7,15,BRONG AHAFO,Sunyani,SUNYANI MUNICIPAL,7.33,-2.33,1.0,1.4,1.4
2023-07-15,2023,7,15,BRONG AHAFO,Techiman,TECHIMAN MUNICIPAL,7.58,-1.93,1.0,2.59,2.59
2023-07-15,2023,7,15,CENTRAL,Cape Coast,CAPE COAST METRO,5.11,-1.24,1.0,4.21,4.21
2023-07-15,2023,7,15,CENTRAL,Mankessim,MFANTSIMAN,5.27,-1.02,1.0,2.23,2.23
2023-07-15,2023,7,15,EASTERN,Koforidua,NEW JUABEN MUNICIPAL,6.08,-0.25,16.0,225.81,14.11
2023-07-15,2023,7,15,EASTERN,Koforidua,NEW JUABEN MUNICIPAL,6.08,-0.25,1.0,3.24,3.24
2023-07-15,2023,7,15,GREATER ACCRA,Accra,ACCRA METROPOLIS,5.55,-0.22,1.0,9.57,9.57
2023-07-15,2023,7,15,GREATER ACCRA,Tema,TEMA METROPOLIS,5.62,-0.02,1.0,5.66,5.66
2023-07-15,2023,7,15,NORTHERN,Tamale,TAMALE NORTH SUB METRO,9.4,-0.83,16.0,1666.67,104.17
2023-07-15,2023,7,15,NORTHERN,Tamale,TAMALE NORTH SUB METRO,9.4,-0.83,1.0,5.0,5.0
2023-07-15,2023,7,15,UPPER WEST,Wa,WA MUNICIPAL,10.05,-2.48,1.0,2.5,2.5
2023-07-15,2023,7,15,VOLTA,Ho,HO MUNICIPAL,6.6,0.47,1.0,4.41,4.41
2023-07-15,2023,7,15,VOLTA,Hohoe,HOHOE MUNICIPAL,7.15,0.47,16.0,228.46,14.28
2023-07-15,2023,7,15,VOLTA,Hohoe,HOHOE MUNICIPAL,7.15,0.47,1.0,10.64,10.64
2023-07-15,2023,7,15,VOLTA,Nkwanta,NKWANTA SOUTH,8.26,0.52,1.0,7.34,7.34
2023-07-15,2023,7,15,WESTERN,Sekondi/Takoradi,SEKONDI TAKORADI,4.93,-1.7,1.0,6.0,6.0
